{"icons":{"usageData":{"icon":"DataUsage","iconType":"material"},"writeSettings":{"icon":"Tune","iconType":"material"},"accessibilityService":{"icon":"Accessible","iconType":"material"},"runtimeSettingsPrompt":{"icon":"settings","iconType":"material"},"android.permission-group.SMS":{"icon":"Sms","iconType":"material"},"android.permission-group.PHONE":{"icon":"Phone","iconType":"material"},"android.permission-group.CAMERA":{"icon":"PhotoCamera","iconType":"material"},"android.permission-group.SENSORS":{"icon":"PhonelinkSetup","iconType":"material"},"android.permission-group.STORAGE":{"icon":"Folder","iconType":"material"},"android.permission-group.CALENDAR":{"icon":"Event","iconType":"material"},"android.permission-group.CALL_LOG":{"icon":"Phone","iconType":"material"},"android.permission-group.CONTACTS":{"icon":"ContactPhone","iconType":"material"},"android.permission-group.LOCATION":{"icon":"LocationOn","iconType":"material"},"android.permission-group.MICROPHONE":{"icon":"Mic","iconType":"material"}},"options":{},"strings":{"polish":{"permission_request_body":"Na następnym ekranie, aplikacja poprosi o zezwolenie na dostęp do swojego stanu telefonu, które aplikacja musi zdiagnozować i naprawić problemy z łącznością.","permission_request_title":"Pozwól nam sprawdzić swoje urządzenie","android_runtime_group_title_phone":"Telefon","permission_request_button_caption":"Zaakceptować","android_runtime_group_title_camera":"Aparat fotograficzny","android_runtime_group_title_sensors":"czujniki","android_runtime_group_title_storage":"Przechowywanie","android_runtime_group_title_calendar":"Kalendarz","android_runtime_group_title_call_log":"Rejestr połączeń","android_runtime_group_title_contacts":"Łączność","android_runtime_group_title_location":"Lokalizacja","android_runtime_group_title_microphone":"Mikrofon","data_usage_access_instructions_toast_1":"przełącznik „Pozwól na śledzenie użycia” i naciśnij „plecy”, aby powrócić do aplikacji","data_usage_access_instructions_toast_2":",","permission_request_description_runtime":"W celu zdiagnozowania urządzenie, musimy cię o podanie kilku pozwoleń:","android_runtime_settings_menu_prompt_title":"Wymagane uprawnienia - $ {uprawnienia [0] .title} $","android_special_permission_title_usagedata":"Wymagany dostęp - Wykorzystanie danych","android_runtime_settings_menu_prompt_cancel":"Anuluj","android_runtime_settings_menu_prompt_continue":"Kontyntynuj","permission_runtime_request_camera_description":"Kamera - Sprawdź kamery","accessibility_permissions_instructions_toast_1":"przełącznik Zezwól pozwolenie i naciśnij plecy, aby powrócić do aplikacji","android_special_permission_title_writesettings":"Wymagany jest dostęp - Systemy Ustawienia","permission_runtime_request_storage_description":"Przechowywanie - Sprawdź kwestii składowania","permission_runtime_request_contacts_description":"Kontakt - Sprawdź łączność","permission_runtime_request_location_description":"Położenie - Sprawdź GPS","android_runtime_settings_menu_prompt_description":"Przejdź do menu Ustawienia aplikacji i zatwierdzenie uprawnienia","system_settings_permissions_instructions_toast_1":"przełącznik Zezwól pozwolenie i naciśnij plecy, aby powrócić do aplikacji","permission_runtime_request_microphone_description":"Mikrofon - Sprawdź mikrofony","permission_runtime_request_phone_state_description":"Telefon - Sprawdź oprogramowanie urządzenia","permission_special_request_usage_access_description":"Dostęp Wykorzystanie - Sprawdź dane aplikacji i korzystanie z baterii","android_special_permission_title_accessibilityservice":"Wymagany dostęp - Dostępność pokoi","permission_runtime_denied_setting_request_description":"Następujące uprawnienia powinien być włączony przez menu ustawień: <br/> <ul> <li> $ {permissions.map (({title}) => title) .join ( '</ li> <li>')} $ </ li> </ ul>","permission_special_request_write_settings_description":"Ustawienia dostępu - zmień ustawienia gdy poprosisz go","android_special_permission_button_caption_cancel_usagedata":"Anuluj","android_special_permission_button_caption_continue_usagedata":"Ustawienia","permission_special_request_accessibility_service_description":"Dostępność usługi - poradnictwo i interaktywne tutoriale","android_special_permission_button_caption_cancel_writesettings":"Anuluj","android_special_permission_button_caption_continue_writesettings":"Ustawienia","android_special_permission_button_caption_cancel_accessibilityservice":"Anuluj","android_special_permission_button_caption_continue_accessibilityservice":"Ustawienia"},"english":{"permission_request_body":"On the next screen, the app will ask for permission to access your phone state, which the app needs to diagnose and fix connectivity problems.","permission_request_title":"Allow us to check your device","android_runtime_group_title_phone":"Phone","permission_request_button_caption":"Accept","android_runtime_group_title_camera":"Camera","android_runtime_group_title_sensors":"Sensors","android_runtime_group_title_storage":"Storage","android_runtime_group_title_calendar":"Calendar","android_runtime_group_title_call_log":"Call Log","android_runtime_group_title_contacts":"Contacts","android_runtime_group_title_location":"Location","android_runtime_group_title_microphone":"Microphone","data_usage_access_instructions_toast_1":"toggle \"Allow usage tracking\" on and press \"back\" to return to the app","data_usage_access_instructions_toast_2":"","permission_request_description_runtime":"In order to diagnose your device, we need you to provide us with a few permissions:","android_runtime_settings_menu_prompt_title":"Permissions Required - ${permissions[0].title}$","android_special_permission_title_usagedata":"Access Required - Usage Data","android_runtime_settings_menu_prompt_cancel":"Cancel","android_runtime_settings_menu_prompt_continue":"Continue","permission_runtime_request_camera_description":"Camera - Check cameras","accessibility_permissions_instructions_toast_1":"toggle \"Allow permission\" on and press \"back\" to return to the app","android_special_permission_title_writesettings":"Access Required - Systems Settings","permission_runtime_request_storage_description":"Storage - Check for storage issues","permission_runtime_request_contacts_description":"Contacts - Check connectivity","permission_runtime_request_location_description":"Location - Check GPS","android_runtime_settings_menu_prompt_description":"Go to app settings menu, and approve permissions","system_settings_permissions_instructions_toast_1":"toggle \"Allow permission\" on and press \"back\" to return to the app","system_settings_permissions_instructions_toast_2":"","permission_runtime_request_microphone_description":"Microphone - Check microphones","permission_runtime_request_phone_state_description":"Phone - Check device software","permission_special_request_usage_access_description":"Usage access - Check app data and battery usage","android_special_permission_title_accessibilityservice":"Access Required - Accessibility Service","permission_runtime_denied_setting_request_description":"The following permissions should be enabled through the settings menu:<br/><ul><li>${permissions.map(({title}) => title).join('</li><li>')}$</li></ul>","permission_special_request_write_settings_description":"Access settings - Change settings when you request it","android_special_permission_button_caption_cancel_usagedata":"Cancel","android_special_permission_button_caption_continue_usagedata":"Settings","permission_special_request_accessibility_service_description":"Accessibility Service - Interactive guidance and tutorials","android_special_permission_button_caption_cancel_writesettings":"Cancel","android_special_permission_button_caption_continue_writesettings":"Settings","android_special_permission_button_caption_cancel_accessibilityservice":"Cancel","android_special_permission_button_caption_continue_accessibilityservice":"Settings"}},"permissionDefinitions":[{"id":"contacts","type":"runtime","permissionsCode":"android.permission.READ_CONTACTS"},{"id":"callLog","type":"runtime","permissionsCode":"android.permission.READ_CALL_LOG"},{"id":"readSms","type":"runtime","permissionsCode":"android.permission.READ_SMS"},{"id":"phoneState","type":"runtime","permissionsCode":"android.permission.READ_PHONE_STATE"},{"id":"fineLocation","type":"runtime","permissionsCode":"android.permission.ACCESS_FINE_LOCATION"},{"id":"externalStorage","type":"runtime","permissionsCode":"android.permission.READ_EXTERNAL_STORAGE"},{"id":"camera","type":"runtime","permissionsCode":"android.permission.CAMERA"},{"id":"microphone","type":"runtime","permissionsCode":"android.permission.RECORD_AUDIO"},{"id":"writeSms","type":"runtime","permissionsCode":"android.permission.WRITE_SMS"},{"id":"writeCallLog","type":"runtime","permissionsCode":"android.permission.WRITE_CALL_LOG"},{"id":"writeSettings","type":"writeSettings","permissionsCode":"android.permission.WRITE_SETTINGS"},{"id":"usageData","type":"usageData","permissionsCode":"android.permission.PACKAGE_USAGE_STATS"},{"id":"accessibilityService","type":"accessibilityService","permissionsCode":""}],"permissionDescriptions":{"usageData":{"description":"permission_special_request_usage_access_description"},"writeSettings":{"description":"permission_special_request_write_settings_description"},"accessibilityService":{"description":"permission_special_request_accessibility_service_description"},"runtimeSettingsPrompt":{"description":"permission_runtime_denied_setting_request_description"},"android.permission-group.SMS":{"description":"permission_runtime_request_sms_description"},"android.permission-group.PHONE":{"description":"permission_runtime_request_phone_state_description"},"android.permission-group.CAMERA":{"description":"permission_runtime_request_camera_description"},"android.permission-group.SENSORS":{"description":"permission_runtime_request_sensors_description"},"android.permission-group.STORAGE":{"description":"permission_runtime_request_storage_description"},"android.permission-group.CALENDAR":{"description":"permission_runtime_request_calendar_description"},"android.permission-group.CALL_LOG":{"description":"permission_runtime_request_call_log_description"},"android.permission-group.CONTACTS":{"description":"permission_runtime_request_contacts_description"},"android.permission-group.LOCATION":{"description":"permission_runtime_request_location_description"},"android.permission-group.MICROPHONE":{"description":"permission_runtime_request_microphone_description"}},"__checksum":"25c762e9bea67c3a67d5f59d40ef9270ca073890"}