{
    "content": {
        "veryMeBlockScreen": {
            "title": "<b>Sorry</b>",
            "description": "We can\u2019t display your VeryMe Rewards. We\u2019re working on fixing this error, so please try again later.<br/><br/>If you need any help in the meantime, please have a look at our FAQs.",
            "displayType": "CARD",
            "iconId": 47,
            "actions": [
                {
                    "color": "#E60000",
                    "text": "Go to FAQs",
                    "journeyKey": "NANOREP_FAQS",
                    "viewTag": "faq(s)",
                    "tapTag": "faq(s)"
                }
            ],
            "recurrence": false
        }
    }
}