{
    "content": {
        "upfront_wifi_error_retry_cta": {
            "color": "#666666",
            "text": "Retry",
            "journeyKey": "RETRY",
            "viewTag": "RETRY",
            "tapTag": "RETRY|RETRY"
        },
        "upfront_forgot_password_cta": {
            "color": "#BD0000",
            "text": "Forgotten password?",
            "journeyKey": "ECARE_FORGOTPASSWORD",
            "viewTag": "settings|log in myvodafone",
            "tapTag": "log in myvodafone|forgot password"
        },
        "forgot_password_cta": {
            "color": "#BD0000",
            "text": "Forgotten password?",
            "journeyKey": "FORGOT_PASSWORD",
            "viewTag": "FORGOT_PASSWORD",
            "tapTag": "LOGIN|FORGOT_PASSWORD"
        },
        "upfront_forgot_username_cta": {
            "color": "#BD0000",
            "text": "Forgotten username?",
            "journeyKey": "ECARE_FORGOTUSERNAME",
            "viewTag": "settings|log in myvodafone",
            "tapTag": "log in myvodafone|forgot username"
        },
        "upfront_welcome_non_vf_customer_cta": {
            "color": "#FFFFFF",
            "text": "See offers",
            "journeyKey": "NON_VF_CUSTOMER_DASHBOARD",
            "viewTag": "",
            "tapTag": ""
        },
        "ecare_contact_us_cta": {
            "color": "#BD0000",
            "text": "Contact us",
            "journeyKey": "TOBi_ANONYMOUS",
            "viewTag": "CONTACT_US",
            "tapTag": "CONTACT|CONTACT_US"
        },
        "welcome_login_cta": {
            "color": "#E60000",
            "text": "Log in",
            "journeyKey": "LOGIN",
            "viewTag": "welcome|login options",
            "tapTag": "welcome|PAYM-login Optinons |Log in"
        },
        "forgot_pin_login_cta": {
            "color": "#BD0000",
            "text": "Login now",
            "journeyKey": "LOGIN",
            "viewTag": "LOGIN",
            "tapTag": "log in"
        },
        "logout_cancel_cta": {
            "color": "#FFFFF",
            "text": "Cancel",
            "journeyKey": "DISMISS",
            "viewTag": "CONFIRM",
            "tapTag": "LOGOUT_SCREEN|CONFIRM"
        },
        "logout_cta": {
            "color": "#FFFFFF",
            "text": "Log out",
            "journeyKey": "LOGOUT",
            "viewTag": "LOGOUT",
            "tapTag": "LOGOUT|LOGOUT"
        },
        "verify_user_name_forgot_password_cta": {
            "color": "#BD0000",
            "text": "Forgot password?",
            "journeyKey": "FORGOT_PASSWORD",
            "viewTag": "settings|forgot username|retrieval success",
            "tapTag": "retrieval success|forgot password"
        },
        "forgot_username_cta": {
            "color": "#BD0000",
            "text": "Forgotten username?",
            "journeyKey": "FORGOT_USERNAME",
            "viewTag": "FORGOT_USERNAME",
            "tapTag": "LOGIN|FORGOT_USERNAME"
        },
        "android_upfront_wifi_error_turn_off_wifi_cta": {
            "color": "#666666",
            "text": "Turn off Wi-Fi",
            "journeyKey": "AND_WIFI_SETTING",
            "viewTag": "ANDROID_WIFI_SETTINGS",
            "tapTag": "UPFRONT_WELCOME|ANDROID_WIFI_SETTINGS"
        },
        "upfront_wifi_error_login_cta": {
            "color": "#FFFFFF",
            "text": "Log in",
            "journeyKey": "LOGIN",
            "viewTag": "LOGIN",
            "tapTag": "LOGIN|LOGIN"
        },
        "upfront_welcome_login_cta": {
            "color": "#666666",
            "text": "Log in",
            "journeyKey": "LOGIN",
            "viewTag": "LOGIN",
            "tapTag": "LOGIN|LOGIN"
        },
        "forgot_pin_login_presented_cta": {
            "color": "#BD0000",
            "text": "Login now",
            "journeyKey": "LOGIN_PRESENTED",
            "viewTag": "LOGIN",
            "tapTag": "log in"
        },
        "verify_user_name_forgot_username_cta": {
            "color": "#BD0000",
            "text": "Forgot username?",
            "journeyKey": "FORGOT_USERNAME",
            "viewTag": "settings|reset your password",
            "tapTag": "reset your password|forgot username"
        },
        "logout_confirm_cta": {
            "color": "#666666",
            "text": "Confirm",
            "journeyKey": "RESET_APP",
            "viewTag": "CONFIRM",
            "tapTag": "LOGOUT_SCREEN|CONFIRM"
        },
        "ios_upfront_wifi_error_turn_off_wifi_cta": {
            "color": "#666666",
            "text": "Turn off Wi-Fi",
            "journeyKey": "IOS_WIFI_SETTINGS",
            "viewTag": "IOS_WIFI_SETTINGS",
            "tapTag": "UPFRONT_WELCOME|IOS_WIFI_SETTINGS"
        },
        "otac_popup_back_button": {
            "color": "#666666",
            "text": "Choose another registered number",
            "journeyKey": "BACK",
            "viewTag": "BACK",
            "tapTag": "OTAC_SCREEN|BACK"
        },
        "embedded_error_retry_cta": {
            "text": "Retry",
            "journeyKey": "RETRY"
        },
        "ecare_registration_cta": {
            "color": "#BD0000",
            "text": "Register now",
            "journeyKey": "ECARE_REGISTRATION",
            "viewTag": "settings|log in myvodafone",
            "tapTag": "log in myvodafone|register now"
        },
        "login_cta": {
            "color": "#BD0000",
            "text": "Login now",
            "journeyKey": "LOGIN",
            "viewTag": "settings|forgot username|retrieval success",
            "tapTag": "retrieval success|log in now"
        },
        "tobi_link": {
            "journeyKey": "TOBi",
            "viewTag": "tobi|view",
            "tapTag": "tobi|cta"
        },
        "upfront_welcome_ecare_cta": {
            "color": "#FFFFFF",
            "text": "Explore Vodafone products",
            "journeyKey": "ECARE_PRODUCTS",
            "viewTag": "ECARE_PRODUCTS",
            "tapTag": "UPFRONT_WELCOME|ECARE_PRODUCTS"
        },
        "otac_popup_chat_with_us_cta": {
            "color": "#666666",
            "text": "Chat with us",
            "journeyKey": "TOBi_ANONYMOUS",
            "viewTag": "TOBi_ANONYMOUS",
            "tapTag": "OTAC_SCREEN|TOBi_ANONYMOUS"
        }
    }
}