{
    "content": {
        "<VOICE>DASHBOARD_HEADER": "My Minutes",
        "new_alert_messages": "new alert messages",
        "pull_to_refresh_tutorial_text": "Pull down to refresh",
        "faqs_title": "Need some help?",
        "<DATA>DASHBOARD_HEADER": "My Data",
        "dashboard_credit_title_text": "Remaining credit",
        "support_button_async_chat": "Live Chat",
        "<ETVOICE>DASHBOARD_HEADER": "My Roaming Minutes",
        "dashboard_rewards_error_text": "Sorry, we can\u2019t display your balance right now",
        "pull_to_refresh_API_date_error": "Error - please retry",
        "<SMS_VOICE>DASHBOARD_HEADER": "My Texts and mins",
        "<GROUP_DATA>DASHBOARD_HEADER": "My Group data",
        "subswitcher_error_text": "We are sorry but there has been a problem loading the services in this account.",
        "my_account_drawer_title": "My account",
        "dashboard_rewards_detail_text": "Points balance",
        "support_button_forum": "Community",
        "checking_for_updates": "Checking for alerts",
        "no_new_alerts": "no new alerts",
        "connected_apps_action_get": "Get",
        "<ETDATA>DASHBOARD_HEADER": "My Roaming data",
        "subscription_switcher_title": "My services",
        "needhelp_bubble_text": "24/7\nsupport",
        "close_action": "Hide",
        "<SMS>DASHBOARD_HEADER": "My Texts",
        "burger_menu_full_failure_warring": "Sorry, we\u2019re experiencing a few technical issues, so not all of our services are available.",
        "dashboard_rewards_content_text": "Spend your Rewards points",
        "you_have_no_alerts": "You don't have any alerts",
        "page_title_faqs": "FAQs",
        "connected_apps_action_open": "Open",
        "dashboard_rewards_title_text": "Top Up Rewards",
        "faqs_subtitle": "Choose from the support options below",
        "pull_to_refresh_date_prefix": "Last Updated: ",
        "links_menu_cut_off_show_less": "Show less",
        "<ROAMDATA>DASHBOARD_HEADER": "My Roaming data",
        "links_menu_cut_off_show_more": "Show more",
        "dashboard_loyalty_credit_text": "Very<b>Me</b> Rewards",
        "my_account_drawer_subscriptions_title": "Select one",
        "<ETSMS>DASHBOARD_HEADER": "My Roaming Texts",
        "my_account_drawer_subtitle_multible_accounts": "Select an account",
        "my_account_drawer_subtitle_single_account": "Account number:",
        "support_button_faqs": "FAQs"
    }
}