{
    "screens": [
        {
            "uid": "APP_RESET",
            "title": "Hold on...",
            "message": "We've noticed that there has been a change to your account. In order to keep using the app you'll need to reset it before continuing.",
            "shortMessage": "Error - Please Retry",
            "codes": [
                4133,
                2111,
                2110,
                4136
            ],
            "actions": [
                {
                    "name": "Reset my App",
                    "journey": "RESET_APP",
                    "dimmable": false
                }
            ],
            "renderType": "native_fullscreen",
            "forcedRenderType": true,
            "showErrorCode": true,
            "showErrorDetails": true
        },
        {
            "uid": "NON_VF_CUSTOMER",
            "title": "Welcome to Vodafone",
            "message": "As you don't have a mobile phone account with us, you won't be able to check your account details on this app. But you will be able to see them by going to My Vodafone.",
            "shortMessage": "Error - Please Retry",
            "codes": [
                4132,
                2101
            ],
            "actions": [
                {
                    "name": "Go to My Vodafone",
                    "journey": "ECARE_NON_VODAFONE_SIM",
                    "dimmable": false
                }
            ],
            "renderType": "native_fullscreen",
            "forcedRenderType": false,
            "showErrorCode": true,
            "showErrorDetails": true
        },
        {
            "uid": "NO_INTERNET_CONNECTION",
            "title": "No internet connection",
            "message": "We're sorry, we can't find an internet connection right now. Please check your settings and try again.",
            "codes": [
                2409,
                2408,
                2407,
                2410
            ],
            "actions": [
                {
                    "name": "Retry",
                    "journey": "RETRY",
                    "dimmable": true
                },
                {
                    "name": "Never mind",
                    "journey": "BACK",
                    "dimmable": false
                }
            ],
            "renderType": "native_fullscreen",
            "forcedRenderType": false,
            "showErrorCode": true,
            "showErrorDetails": true
        },
        {
            "uid": "WIFI_ON",
            "title": "Please disconnect your Wi-Fi",
            "message": "So we can identify you, please log on to My Vodafone using the Vodafone mobile data network. You'll only need to do this once. My Vodafone will then remember your details so you can use Wi-Fi or mobile data network to connect",
            "shortMessage": "Error - Please Retry",
            "codes": [
                2402
            ],
            "actions": [
                {
                    "name": "Retry",
                    "journey": "RETRY",
                    "dimmable": true
                }
            ],
            "renderType": "native_fullscreen",
            "forcedRenderType": false,
            "showErrorCode": true,
            "showErrorDetails": true
        },
        {
            "uid": "PIN_MISMATCH",
            "title": "",
            "message": "Your PINs don't match. Please check and try again.",
            "shortMessage": "Error - Please Retry",
            "codes": [
                2103
            ],
            "actions": [
                {
                    "name": "OK",
                    "journey": "DISMISS",
                    "dimmable": false
                }
            ],
            "renderType": "native_info",
            "forcedRenderType": true,
            "showErrorCode": true,
            "showErrorDetails": true
        },
        {
            "uid": "ACCOUNT_LOCKED_UFL",
            "title": "My Vodafone",
            "message": "The incorrect login details were entered several times, so to protect your security we've temporarily locked your account.\n Please reset your password and we'll get you logged in again.",
            "shortMessage": "Error - Please Retry",
            "codes": [
                4138
            ],
            "actions": [
                {
                    "name": "Reset password",
                    "journey": "ECARE_FORGOTPASSWORD",
                    "dimmable": false
                },
                {
                    "name": "Close",
                    "journey": "DISMISS",
                    "dimmable": false
                }
            ],
            "renderType": "native_fullscreen",
            "forcedRenderType": false,
            "showErrorCode": true,
            "showErrorDetails": true
        },
        {
            "uid": "DAL_OTP_EXPIRED",
            "title": "Expired Security code",
            "message": "The code you have entered has expired.\nPlease try again and we will send you a new one.",
            "shortMessage": "Error - Please Retry",
            "codes": [
                4141
            ],
            "actions": [
                {
                    "name": "Resend",
                    "journey": "BACK_STEP",
                    "dimmable": false
                },
                {
                    "name": "Close",
                    "journey": "DISMISS",
                    "dimmable": false
                }
            ],
            "renderType": "native_info",
            "forcedRenderType": false,
            "showErrorCode": true,
            "showErrorDetails": true
        },
        {
            "uid": "DATA_CONN_LOST",
            "title": "Data Connection Lost",
            "message": "Please check your signal and try again when you've got a connection.",
            "shortMessage": "You're Offline!",
            "codes": [
                2401
            ],
            "actions": [
                {
                    "name": "Retry",
                    "journey": "RETRY",
                    "dimmable": true
                },
                {
                    "name": "Never mind",
                    "journey": "BACK",
                    "dimmable": false
                }
            ],
            "renderType": "native_fullscreen",
            "forcedRenderType": false,
            "showErrorCode": true,
            "showErrorDetails": true
        },
        {
            "uid": "WEBVIEW_ERROR",
            "title": "Sorry",
            "message": "There's been a problem while loading this page. Please try again.",
            "shortMessage": "Error - Please Retry",
            "codes": [
                6401,
                6201
            ],
            "actions": [
                {
                    "name": "Retry",
                    "journey": "RETRY",
                    "dimmable": true
                },
                {
                    "name": "Never mind",
                    "journey": "BACK",
                    "dimmable": false
                }
            ],
            "renderType": "native_fullscreen",
            "forcedRenderType": false,
            "showErrorCode": true,
            "showErrorDetails": true
        },
        {
            "uid": "PASSWORD_CONFIRMATION_ERROR",
            "title": "",
            "message": "The passwords you\u2019ve entered do not match. Please try again.",
            "shortMessage": "Error - Please Retry",
            "codes": [
                2106
            ],
            "actions": [
                {
                    "name": "OK",
                    "journey": "DISMISS",
                    "dimmable": false
                }
            ],
            "renderType": "native_info",
            "forcedRenderType": true,
            "showErrorCode": true,
            "showErrorDetails": true
        },
        {
            "uid": "PIN_REGEX_ERROR",
            "title": "",
            "message": "Your PIN can\u2019t use all repeated numbers, and they shouldn\u2019t all be consecutive.",
            "shortMessage": "Error - Please Retry",
            "codes": [
                2105
            ],
            "actions": [
                {
                    "name": "OK",
                    "journey": "DISMISS",
                    "dimmable": false
                }
            ],
            "renderType": "native_info",
            "forcedRenderType": true,
            "showErrorCode": true,
            "showErrorDetails": true
        },
        {
            "uid": "PROXY_DETECTED",
            "title": "Sorry, we were unable to identify you",
            "message": "Please connect to our network. This might mean turning off your Wi-Fi, VPN, or if you are on a dual sim phone, switching to your Vodafone data. If you don\u2019t have a Vodafone SIM, please log in to My Vodafone Online.",
            "codes": [
                3102
            ],
            "actions": [
                {
                    "name": "Retry",
                    "journey": "RETRY",
                    "dimmable": true
                },
                {
                    "name": "Go to My Vodafone",
                    "journey": "ECARE_NON_VODAFONE_SIM",
                    "dimmable": false
                }
            ],
            "renderType": "native_fullscreen",
            "forcedRenderType": false,
            "showErrorCode": true,
            "showErrorDetails": true
        },
        {
            "uid": "ACCOUNT_LOCKED",
            "title": "My Vodafone",
            "message": "The incorrect login details were entered several times, so to protect your security we\u2019ve temporarily locked your account.\n Please reset your password and we\u2019ll get you logged in again.",
            "shortMessage": "Error - Please Retry",
            "codes": [
                4113
            ],
            "actions": [
                {
                    "name": "Reset password",
                    "journey": "FORGOT_PASSWORD",
                    "dimmable": false
                },
                {
                    "name": "Close",
                    "journey": "DISMISS",
                    "dimmable": false
                }
            ],
            "renderType": "native_fullscreen",
            "forcedRenderType": false,
            "showErrorCode": true,
            "showErrorDetails": true
        },
        {
            "uid": "INVALID_PIN",
            "title": "",
            "message": "There has been an issue validating your PIN. Please enter the details again.",
            "shortMessage": "Error - Please Retry",
            "codes": [
                4115
            ],
            "actions": [
                {
                    "name": "OK",
                    "journey": "DISMISS",
                    "dimmable": false
                }
            ],
            "renderType": "native_info",
            "forcedRenderType": true,
            "showErrorCode": true,
            "showErrorDetails": true
        },
        {
            "uid": "TECHNICAL_DIFFICULTIES_TIMED_RETRY",
            "title": "Sorry",
            "message": "We're having a few technical difficulties at the moment. We're working hard to get things sorted.",
            "shortMessage": "Error - Please Retry",
            "codes": [
                5602,
                4300,
                3208
            ],
            "actions": [
                {
                    "name": "Retry",
                    "journey": "RETRY",
                    "dimmable": true
                },
                {
                    "name": "Never mind",
                    "journey": "BACK",
                    "dimmable": false
                }
            ],
            "renderType": "native_fullscreen_timer",
            "timerHeader": "You can try again in",
            "timerValue": "10",
            "timerFooter": "Seconds",
            "forcedRenderType": false,
            "showErrorCode": true,
            "showErrorDetails": true
        },
        {
            "uid": "INVALID_USERNAME",
            "title": "",
            "message": "Invalid username. Please try again.",
            "shortMessage": "Error - Please Retry",
            "codes": [
                4119,
                4130
            ],
            "actions": [
                {
                    "name": "OK",
                    "journey": "DISMISS",
                    "dimmable": false
                }
            ],
            "renderType": "native_info",
            "forcedRenderType": true,
            "showErrorCode": true,
            "showErrorDetails": true
        },
        {
            "uid": "INVALID_USERNAME_PASSWORD",
            "title": "",
            "message": "Invalid username or password. Please try again.",
            "shortMessage": "Error - Please Retry",
            "codes": [
                4601,
                4114
            ],
            "actions": [
                {
                    "name": "OK",
                    "journey": "DISMISS",
                    "dimmable": false
                }
            ],
            "renderType": "native_info",
            "forcedRenderType": true,
            "showErrorCode": true,
            "showErrorDetails": true
        },
        {
            "uid": "NETWORK_OFFLINE",
            "title": "Check your data connection",
            "message": "It doesn't look like your mobile data connection is turned on. Please check and try again.",
            "shortMessage": "You're Offline!",
            "codes": [
                2403
            ],
            "actions": [
                {
                    "name": "Retry",
                    "journey": "RETRY",
                    "dimmable": true
                },
                {
                    "name": "Never mind",
                    "journey": "BACK",
                    "dimmable": false
                }
            ],
            "renderType": "native_fullscreen",
            "forcedRenderType": false,
            "showErrorCode": true,
            "showErrorDetails": true
        },
        {
            "uid": "SMS_FAILURE",
            "title": "",
            "message": "Message failed to send",
            "shortMessage": "Error - Please Retry",
            "codes": [
                2406
            ],
            "actions": [
                {
                    "name": "OK",
                    "journey": "DISMISS",
                    "dimmable": false
                }
            ],
            "renderType": "native_info",
            "forcedRenderType": true,
            "showErrorCode": true,
            "showErrorDetails": true
        },
        {
            "uid": "INVALID_OTAC",
            "title": "Incorrect Security code",
            "message": "We did not recognise that security code.\nPlease retry or resend your code.",
            "shortMessage": "Error - Please Retry",
            "codes": [
                4134
            ],
            "actions": [
                {
                    "name": "Try again",
                    "journey": "DISMISS",
                    "dimmable": false
                },
                {
                    "name": "Resend security code",
                    "journey": "RETRY",
                    "dimmable": false
                }
            ],
            "renderType": "native_info",
            "forcedRenderType": false,
            "showErrorCode": true,
            "showErrorDetails": true
        },
        {
            "uid": "INVALID_EMAIL",
            "title": "",
            "message": "Invalid E-Mail format. Please try again.",
            "shortMessage": "Error - Please Retry",
            "codes": [
                2104
            ],
            "actions": [
                {
                    "name": "OK",
                    "journey": "DISMISS",
                    "dimmable": false
                }
            ],
            "renderType": "native_info",
            "forcedRenderType": true,
            "showErrorCode": true,
            "showErrorDetails": true
        },
        {
            "uid": "DAL_EMPTY_MOBILE_NUMBERS_CUSTOMER",
            "title": "We don't have your number",
            "message": "We don't have a mobile phone number registered for you, so we can't send you your authorization code. Please get in touch to register one.",
            "shortMessage": "Error - Please Retry",
            "codes": [
                4604,
                4605
            ],
            "actions": [
                {
                    "name": "Chat with us",
                    "journey": "TOBi_ANONYMOUS",
                    "dimmable": false
                },
                {
                    "name": "Back to Log in",
                    "journey": "BACK",
                    "dimmable": false
                }
            ],
            "renderType": "native_fullscreen",
            "forcedRenderType": false,
            "showErrorCode": true,
            "showErrorDetails": true
        },
        {
            "uid": "APP_RESTART_JWT",
            "title": "Restart Required",
            "message": "Your login access has expired. Please restart the app to continue.",
            "shortMessage": "Error - Please Retry",
            "codes": [
                4123,
                4140,
                2113,
                4137,
                3107
            ],
            "actions": [
                {
                    "name": "Restart to update",
                    "journey": "RESTART_JWT",
                    "dimmable": false
                }
            ],
            "renderType": "native_fullscreen",
            "forcedRenderType": true,
            "showErrorCode": true,
            "showErrorDetails": true
        },
        {
            "uid": "JAILBROKEN_DEVICE",
            "title": "WARNING",
            "message": "Please be aware that the My Vodafone app will run on jailbroken devices but we do not recommend it. Vodafone will not be liable for any issues that may arise as a result of using the app on a jailbroken device.",
            "shortMessage": "",
            "codes": [
                2108
            ],
            "actions": [
                {
                    "name": "OK",
                    "journey": "DISMISS",
                    "dimmable": false
                }
            ],
            "renderType": "native_info",
            "forcedRenderType": true,
            "showErrorCode": true,
            "showErrorDetails": true
        },
        {
            "uid": "LARGE_ACCOUNT",
            "title": "",
            "message": "Larger accounts cannot switch between services in the app. To manage the other services in your account please visit our website.",
            "shortMessage": "Error - Please Retry",
            "codes": [
                3601
            ],
            "actions": [
                {
                    "name": "Take me there",
                    "journey": "ECARE_LOGIN",
                    "dimmable": false
                }
            ],
            "renderType": "native_fullscreen",
            "forcedRenderType": false,
            "showErrorCode": true,
            "showErrorDetails": true
        },
        {
            "uid": "NO_SUBSCRIPTIONS_DATA",
            "title": "",
            "message": "Sorry, something went wrong with the loading of your account information.",
            "shortMessage": "Error - Please Retry",
            "codes": [
                4602,
                4603
            ],
            "actions": [
                {
                    "name": "Retry",
                    "journey": "RETRY",
                    "dimmable": true
                }
            ],
            "renderType": "native_fullscreen",
            "forcedRenderType": false,
            "showErrorCode": true,
            "showErrorDetails": true
        },
        {
            "uid": "IDENTIFICATION",
            "title": "Sorry",
            "message": "We're having some problems identifying you. Please try again",
            "shortMessage": "Error - Please Retry",
            "codes": [
                5101,
                5102
            ],
            "actions": [
                {
                    "name": "Retry",
                    "journey": "RETRY",
                    "dimmable": true
                }
            ],
            "renderType": "native_fullscreen",
            "forcedRenderType": false,
            "showErrorCode": true,
            "showErrorDetails": true
        },
        {
            "uid": "APP_RESTART_MSP",
            "title": "Restart Required",
            "message": "Your login access has expired. Please restart the app to continue.",
            "codes": [
                4101
            ],
            "actions": [
                {
                    "name": "Restart to update",
                    "journey": "RESTART_MSP",
                    "dimmable": false
                }
            ],
            "renderType": "native_fullscreen",
            "forcedRenderType": false,
            "showErrorCode": true,
            "showErrorDetails": true
        },
        {
            "uid": "FORCE_UPGRADE",
            "title": "Update My Vodafone",
            "message": "The version of My Vodafone you're using has now expired. \n \nYou'll need to download the new, improved version to continue using the app.",
            "shortMessage": "Error - Please Retry",
            "codes": [
                2601,
                3605
            ],
            "actions": [
                {
                    "name": "Update now",
                    "journey": "UPDATE_APP",
                    "dimmable": false
                }
            ],
            "renderType": "native_fullscreen",
            "forcedRenderType": false,
            "showErrorCode": true,
            "showErrorDetails": true
        },
        {
            "uid": "SOFT_UPGRADE",
            "title": "Update My Vodafone",
            "message": "Do more with the new, improved version of My Vodafone. Please update your app within {n} day(s).",
            "shortMessage": "Error - Please Retry",
            "codes": [
                2602
            ],
            "actions": [
                {
                    "name": "Update Later",
                    "journey": "DISMISS",
                    "dimmable": false
                },
                {
                    "name": "Update now",
                    "journey": "UPDATE_APP",
                    "dimmable": false
                }
            ],
            "renderType": "native_info",
            "forcedRenderType": true,
            "showErrorCode": true,
            "showErrorDetails": true
        },
        {
            "uid": "TECHNICAL_DIFFICULTIES",
            "title": "Sorry",
            "message": "We're having a few technical difficulties at the moment. We're working hard to get things sorted.",
            "shortMessage": "Error - Please Retry",
            "codes": [
                5301,
                2302,
                2301,
                4600,
                4100,
                6400,
                3400,
                7101,
                4111,
                5200,
                2600,
                2201,
                2200,
                4103,
                4500,
                4503,
                2605,
                6300,
                2100,
                3301,
                3300,
                5600,
                4116,
                5601,
                4117,
                5100,
                3200,
                4400,
                6200,
                3604,
                3603,
                3602,
                3600,
                5500,
                5400,
                3101,
                3100,
                2405,
                2404,
                2400,
                4301,
                6600,
                6100,
                4200,
                6500,
                3106,
                3105,
                3501,
                3104,
                3500,
                3103
            ],
            "actions": [
                {
                    "name": "Retry",
                    "journey": "RETRY",
                    "dimmable": true
                },
                {
                    "name": "Never mind",
                    "journey": "BACK",
                    "dimmable": false
                }
            ],
            "renderType": "native_fullscreen",
            "forcedRenderType": false,
            "showErrorCode": true,
            "showErrorDetails": true
        },
        {
            "uid": "SUSPENSION",
            "title": "Feature unavailable",
            "message": "We hope to have it working again soon. Please try again later.",
            "shortMessage": "",
            "codes": [
                3201
            ],
            "actions": [
                {
                    "name": "Go back",
                    "journey": "DISMISS",
                    "dimmable": false
                }
            ],
            "renderType": "native_fullscreen",
            "forcedRenderType": true,
            "showErrorCode": true,
            "showErrorDetails": true
        },
        {
            "uid": "PASSWORD_INSECURE_ERROR",
            "title": "",
            "message": "Please make sure your password is between 6 and 30 characters",
            "shortMessage": "Error - Please Retry",
            "codes": [
                2107
            ],
            "actions": [
                {
                    "name": "OK",
                    "journey": "DISMISS",
                    "dimmable": false
                }
            ],
            "renderType": "native_info",
            "forcedRenderType": true,
            "showErrorCode": true,
            "showErrorDetails": true
        },
        {
            "uid": "ROOTED_DEVICE",
            "title": "WARNING",
            "message": "Please be aware that the My Vodafone app will run on rooted devices but we do not recommend it. Vodafone will not be liable for any issues that may arise as a result of using the app on a rooted device.",
            "shortMessage": "",
            "codes": [
                2109
            ],
            "actions": [
                {
                    "name": "OK",
                    "journey": "DISMISS",
                    "dimmable": false
                }
            ],
            "renderType": "native_info",
            "forcedRenderType": true,
            "showErrorCode": true,
            "showErrorDetails": true
        },
        {
            "uid": "SERVICE_BUSY",
            "title": "Service Busy",
            "message": "The My Vodafone service is really busy right now. Please try again when the button below becomes available.",
            "shortMessage": "Error: Try Again",
            "codes": [
                4501,
                4502,
                5501,
                5502
            ],
            "actions": [
                {
                    "name": "Retry",
                    "journey": "RETRY",
                    "dimmable": true
                },
                {
                    "name": "Never mind",
                    "journey": "BACK",
                    "dimmable": false
                }
            ],
            "renderType": "native_fullscreen_timer",
            "timerHeader": "Please retry in",
            "timerValue": "10",
            "timerFooter": "Seconds",
            "forcedRenderType": false,
            "showErrorCode": true,
            "showErrorDetails": true
        },
        {
            "uid": "CONTACT_PERMISSION",
            "title": "Contact Permission Problem",
            "message": "You do not have sufficient contact permissions to continue - please get in touch with the account owner to update your contact permissions.",
            "shortMessage": "Error - Please Retry",
            "codes": [
                4142,
                4143
            ],
            "actions": [
                {
                    "name": "Never mind",
                    "journey": "BACK",
                    "dimmable": false
                }
            ],
            "renderType": "native_fullscreen",
            "forcedRenderType": true,
            "showErrorCode": true,
            "showErrorDetails": true
        },
        {
            "uid": "APP_SUSPENDED",
            "title": "Sorry, the app's offline",
            "message": "We're carrying out essential maintenance on our systems, but the app will be back online as soon as we're finished.",
            "shortMessage": "Error: Try Again",
            "codes": [
                3204
            ],
            "actions": [
                {
                    "name": "Retry",
                    "journey": "RETRY",
                    "dimmable": true
                }
            ],
            "renderType": "native_fullscreen",
            "forcedRenderType": true,
            "showErrorCode": true,
            "showErrorDetails": true
        },
        {
            "uid": "NON_ACTIVE_REGISTERED_SUBSCRIPTION",
            "title": "Inactive number",
            "message": "Sorry, we can't send you your code because it looks like this number is inactive. Choose another phone number to get a new code. If this is your only registered number, chat to us.",
            "shortMessage": "Error - Please Retry",
            "codes": [
                4135
            ],
            "actions": [
                {
                    "name": "Chat with us",
                    "journey": "TOBi_ANONYMOUS",
                    "dimmable": false
                },
                {
                    "name": "Choose another registered number",
                    "journey": "BACK_STEP",
                    "dimmable": false
                }
            ],
            "renderType": "native_info",
            "forcedRenderType": false,
            "showErrorCode": true,
            "showErrorDetails": true
        },
        {
            "uid": "INVALID_TEMP_PASSWORD",
            "title": "",
            "message": "We didn't recognise the temporary password you entered. Please try again.",
            "shortMessage": "Error - Please Retry",
            "codes": [
                4121,
                4122
            ],
            "actions": [
                {
                    "name": "OK",
                    "journey": "DISMISS",
                    "dimmable": false
                }
            ],
            "renderType": "native_info",
            "forcedRenderType": true,
            "showErrorCode": true,
            "showErrorDetails": true
        },
        {
            "uid": "LOGIN_FAILURE",
            "title": "Login failed",
            "message": "We're experiencing a few technical difficulties at the moment and we couldn't log you in. Try again later.",
            "shortMessage": "Error - Please Retry",
            "codes": [
                2102
            ],
            "actions": [
                {
                    "name": "OK",
                    "journey": "DISMISS",
                    "dimmable": false
                }
            ],
            "renderType": "native_fullscreen",
            "forcedRenderType": false,
            "showErrorCode": true,
            "showErrorDetails": true
        },
        {
            "uid": "TOO_MANY_FAILING_MODULES",
            "title": "App currently unavailable",
            "message": "We hope to have the app working again soon.\nNeed some help? Ask us a question or talk to an adviser on our website.",
            "shortMessage": "Error - Please Retry",
            "codes": [
                3203
            ],
            "actions": [
                {
                    "name": "Retry",
                    "journey": "RETRY",
                    "dimmable": true
                },
                {
                    "name": "Go to FAQs",
                    "journey": "NANOREP_FAQS",
                    "dimmable": false
                }
            ],
            "renderType": "native_fullscreen_timer",
            "timerHeader": "You can try again in",
            "timerValue": "10",
            "timerFooter": "Seconds",
            "forcedRenderType": false,
            "showErrorCode": true,
            "showErrorDetails": true
        },
        {
            "uid": "CHANGE_TEMP_PASSWORD",
            "title": "My Vodafone",
            "message": "You've used a temporary password. Next, log in with it to set up a new one, and continue using the app.",
            "shortMessage": "Error - Please Retry",
            "codes": [
                4139
            ],
            "actions": [
                {
                    "name": "Continue",
                    "journey": "LOGIN_ECARE_TEMP",
                    "dimmable": false
                },
                {
                    "name": "Cancel",
                    "journey": "DISMISS",
                    "dimmable": false
                }
            ],
            "renderType": "native_fullscreen",
            "forcedRenderType": false,
            "showErrorCode": true,
            "showErrorDetails": true
        },
        {
            "uid": "PIN_LOCKED",
            "title": "My Vodafone",
            "message": "The PIN you have entered does not match the one in our records. Please reset your PIN.",
            "shortMessage": "Error - Please Retry",
            "codes": [
                4120
            ],
            "actions": [
                {
                    "name": "OK",
                    "journey": "RELOAD",
                    "dimmable": false
                }
            ],
            "renderType": "native_fullscreen",
            "forcedRenderType": false,
            "showErrorCode": true,
            "showErrorDetails": true
        },
        {
            "uid": "INVALID_CREDENTIALS",
            "title": "My Vodafone",
            "message": "Sorry, we couldn\u2019t find the credentials you\u2019ve provided. Please try again.",
            "shortMessage": "Error - Please Retry",
            "codes": [
                4124,
                4127
            ],
            "actions": [
                {
                    "name": "OK",
                    "journey": "DISMISS",
                    "dimmable": false
                }
            ],
            "renderType": "native_info",
            "forcedRenderType": false,
            "showErrorCode": true,
            "showErrorDetails": true
        },
        {
            "uid": "APP_NOT_AVAILABLE_FOR_NUMBER",
            "title": "Sorry, this number is currently not supported by the app",
            "message": "If you have another vodafone account,\ne.g. a personal mobile account,\nyou can still access it from this app.\n\nIf you've recently changed your account or SIM card please try an app reset.",
            "shortMessage": "Error - Please Retry",
            "codes": [
                4131
            ],
            "actions": [
                {
                    "name": "Chat with us",
                    "journey": "TOBi_ANONYMOUS",
                    "dimmable": false
                },
                {
                    "name": "Log In",
                    "journey": "LOGIN_UFL",
                    "dimmable": false
                },
                {
                    "name": "Reset my App",
                    "journey": "RESET_APP",
                    "dimmable": false
                }
            ],
            "renderType": "native_appscreen",
            "forcedRenderType": true,
            "showErrorCode": true,
            "showErrorDetails": true
        }
    ]
}