{
    "content": {
        "login_info_footer": "Once you've logged on, we'll only need your PIN, fingerprint or Face ID in the future to access these features.",
        "otac_title": "Enter security code",
        "otac_description": "When you receive the code, Please enter it here within 20 minutes.",
        "log_out_description": "Are you sure you want to log out?",
        "registered_numbers_send_button": "Send Code",
        "upfront_welcome_login_button": "I\u2019m an existing customer",
        "biometrics_opt_out": "Not now, use PIN",
        "changePin_title": "Create a new PIN",
        "notifications_inbox_show_all_messages": "Show all messages",
        "pin_setup_entry_new_pin_desc": "Confirm your existing Vodafone PIN or set a new one.<br/>This PIN is used to confirm your identity when you contact us or log in to your account.",
        "notifications_inbox_empty_messages": "No Messages",
        "login_new_header": "We need to check that it's you before you can view secure information or make a purchase",
        "title_login": "Log in to My Vodafone",
        "pin_title_change_pin": "Change PIN",
        "pin_setup_pin_title": "Setup PIN",
        "login_password_hint": "Password",
        "notifications_inbox_delete": "Delete",
        "login_success_footer": "You can manage your Login details<br/>in the app settings.",
        "touch_id_popup_message": "Touch the home button to log in",
        "upfront_select_subscription_confirm_btn": "Confirm",
        "reset_password_success_message": "Thanks, we've sent a temporary password to your registered email address.\nPlease use this to log in to the app, before you set a new password.",
        "or_word": "Or",
        "confirmPin_title": "Re-enter your PIN",
        "login_info_view_and_pay_bill": "View and pay your bill",
        "thanks_for_verifying": "Thanks for verifying",
        "upfront_wifi_error_desc": "For faster access to your account, \nplease turn off your Wi-Fi. \nOr, log in now.",
        "reset_password_successfully_screen_title": "Congratulations",
        "pin_login_new_pin_desc": "This PIN is used to confirm your identity across all Vodafone channels (such as contact centre, desktop sites or Live Chat).",
        "login_info_manage_extras": "Manage your extras",
        "otac_continue_button": "Continue",
        "otac_go_back_button": "Go back",
        "pin_login_continue_button": "Continue",
        "registered_numbers_header": "Where do you want to send your security code?",
        "enter_pin": "Enter your PIN",
        "not_logged_in": "Not \n logged in",
        "otac_footer": "<u>Can't get your security code?</u>",
        "upfront_select_subscription_title": "Select a default service",
        "touch_id_prompt_title": "Enable Touch ID",
        "reset_password_new_password_title": "New password",
        "login_can_registered_with_vodafone": "You can also <u>register</u> if you haven't been set up with an account yet",
        "sms_permission_message_first_line": "My Vodafone will now request send/view SMS permission on your device.",
        "reset_password_cta": "Reset Password",
        "changePin_alert": "Your PIN can't use all repeated numbers (e.g. 1111) and they shouldn't all be consecutive (e.g. 1234).",
        "username_popup_login": "This might be your email address or a unique name you created when you registered with Vodafone",
        "finger_print_popup_message": "Unlock restricted location",
        "title_inbox_lis": "My Vodafone Messages",
        "touch_id_toggle_message": "Switch on for fast authentication experience.",
        "reset_password_confirm_password_title": "Confirm new password",
        "confirmPin_confirm": "Confirm PIN",
        "last_name": "Last name",
        "resestpassword_new_password_popup_title": "New password",
        "pin_button_continue": "Continue",
        "login_reset_password": "Forgotten password?",
        "changePin_enterPin": "Enter your new PIN",
        "reset_password_invalid_password_message": "Please make sure your password is between 6 and 30 characters.",
        "email_address": "Email address",
        "reset_password_unmatching_passwords_message": "The passwords you've entered do not match. Please try again.",
        "login_can_registered_with_vodafone_android": "You can also <u><a href='myvodafone://ECARE_REGISTRATION'>register</a></u> if you haven't\nbeen set up with an account yet.",
        "resestpassword_temp_password_placeholder": "We've emailed this to you",
        "login_info_upgrade_your_plan": "Upgrade/change your plan",
        "pin_change_entry_new_pin_desc": "This PIN is used to confirm your identity across all Vodafone channels (such as contact centre, desktop sites or Live Chat).  <br/><br/><b>Please note:</b> this will reset your existing Vodafone account PIN",
        "resestpassword_new_password_placeholder": "Between 6 and 30 characters",
        "face_id_toggle": "Enable Face ID",
        "login_info_title": "Improve your Vodafone experience \n by logging into your account.",
        "show_all_message": "Show all message",
        "upfront_wifi_error_title": "Please disconnect your Wi-Fi",
        "upfront_select_subscription_account_number": "Account number: ",
        "login_now": "Login now",
        "login_success_desc": "Login successfully<br/>completed",
        "changePin_alert_title": "Info on PIN",
        "reset_password_successfully_screen_body": "You have successfully reset your My Vodafone password.",
        "resestpassword_new_password_popup_reset_password": "Your password should be between 6 and 30 characters. To make it strong it should include at least 1 capital letter, number & special character.",
        "user_name_reminder_hint_popup_button_txt": "OK",
        "pin_entry_new_pin_title": "Enter your new PIN",
        "pin_login_forgot_pin_body": "We need to log you out so you can start the PIN set-up process again.",
        "face_id_prompt_title": "Face ID",
        "finger_print_setting_message": "You can manage your login details in the app settings.",
        "pin_login_title_label": "Enter your PIN",
        "pin_setup_entry_new_pin_title": "Enter your new PIN",
        "notifications_inbox_title": "My Vodafone Messages",
        "login_password_placeholder": "Your Saved Password",
        "OTAC_code_parsing_regex": "[A-Z0-9]{5}\\W",
        "pin_title_confirm_pin": "Confirm PIN",
        "changePin_alert_button": "Okay",
        "login_info_personalized_offers": "See personalised offers for you",
        "logged_in": "Logged in",
        "sms_permission_title": "<b>SMS Permission</b>",
        "login_username_placeholder": "joebloggs88",
        "login_reset_username": "Forgotten username?",
        "confirmPin_continue": "Continue",
        "reset_password_temporary_title": "Temporary password",
        "verify_account": "Verify your account",
        "hint_word": "Hint",
        "upfront_welcome_title": "Are you a new customer?",
        "pin_login_button": "Log in",
        "changePin_continue": "Log in",
        "changePin_desc": "Confirm your existing Vodafone PIN or set a new one. \nThis PIN is used to confirm your identity when you contact us or log in to your account.",
        "face_id_prompt_desc": "Access secure information faster by using facial recognition or your fingerprint, instead of PIN, to log in.",
        "inbox_empty_messages": "No Messages",
        "next": "Next",
        "pin_entry_confirm_pin_title": "Enter your new PIN again",
        "finger_print_auth_title": "Use Fingerprint ID for My Vodafone   ",
        "finger_print_popup_title": "Use Fingerprint ID for My Vodafone",
        "resestpassword_confirm_new_password_placeholder": "Re-enter your password",
        "login_success_title": "You are good to go",
        "reset_password_change_password_cta": "Next",
        "touch_id_prompt_desc": "Access secure information faster by using facial recognition or your fingerprint, instead of PIN, to log in.",
        "registered_numbers_footer": "<u>If you wish to add or change these numbers please contact us.</u>",
        "pin_login_forgot_pin_button": "Forgotten your PIN?",
        "login_info_view_current_charges": "View your current charges & usage",
        "face_id_toggle_message": "Switch on for fast authentication experience.",
        "touch_id_toggle_Enabled": " Enabled",
        "first_name": "First name",
        "notifications_delete_button": "Delete",
        "finger_print_auth_message": "Touch the fingerprint sensor to log in",
        "touch_id_popup_fallback": "Enter PIN",
        "upfront_welcome_desc": "Explore our latest deals and offers on phones, tablets and SIM only plans.",
        "verify_user_name_forgot_username_cta": "Forgotten username",
        "sms_permission_message_second_line": "This will allow the app to pre-fill your security code from your device's SMS messages.",
        "reset_password_title": "Reset your password",
        "login_alert_button": "Okay",
        "login_go": "Log in",
        "reset_password_sub_details": "We will send you a temporary password to the email associated with this account",
        "registered_numbers_title": "Further security verification required",
        "login_username_hint": "Enter username",
        "pin_login_screen_title": "Enter PIN",
        "touch_id_toggle": "Enable Touch ID",
        "login_success_button": "OK, all done",
        "email_address_placeholder": "jon.snow@gmail.com",
        "otac_popup_message": "You can choose to send the security code to another registed number or contact us directly",
        "reset_password_close_cta": "Close",
        "memorable_word": "Your memorable word",
        "otac_popup_title": "Can't get your security code?",
        "username": "Your username is:"
    }
}