{
    "content": {
        "ilngScreens": {
            "offlineScreen": [
                {
                    "title": "<b>Thanks for your feedback</b>",
                    "description": "We appreciate the irony, but as soon as you're back online, we'll submit your feedback for you. Thanks again for helping us build a bigger and better network for you.",
                    "displayType": "CARD",
                    "iconId": 45,
                    "actions": [
                        {
                            "color": "#E60000",
                            "text": "Finish",
                            "journeyKey": "ILNG_SUBMIT",
                            "viewTag": "ILNG_SUBMIT",
                            "tapTag": "ILNG|ILNG_SUBMIT"
                        }
                    ],
                    "clickableLink": {
                        "color": "#E60000",
                        "text": "<u>See data bonus eligibility</u>",
                        "journeyKey": "ILNG_ELIGIBILITY"
                    },
                    "footer": "<b>In return, we'll even give you a data bonus.</b>",
                    "recurrence": false
                }
            ],
            "startScreen": [
                {
                    "title": "<b>Call cut out? Slow connection?</b>",
                    "description": "We'd love to get your feedback in the unlikely event you're not satisfied, so we can continue to build an even bigger and better network for you.",
                    "displayType": "CARD",
                    "iconId": 34,
                    "actions": [
                        {
                            "color": "#E60000",
                            "text": "Start",
                            "journeyKey": "ILNG_START",
                            "viewTag": "ILNG_START",
                            "tapTag": "ILNG|ILNG_START"
                        }
                    ],
                    "clickableLink": {
                        "color": "#E60000",
                        "text": "<u>Eligibility criteria</u>",
                        "journeyKey": "ILNG_ELIGIBILITY"
                    },
                    "footer": "<b>In return, we'll even give you a data bonus.</b>",
                    "recurrence": false
                }
            ]
        }
    }
}