{
    "content": {
        "netperform_usage_access_disclaimer": "In order to show you trends on how much data you use and where you use it we need usage access.\n\nYou can turn this on via Android settings.",
        "netperform_config_ping_fail_text": "Sorry, we couldn't get a result",
        "netperform_more_about_text": "<b>What is download speed?</b><br/>This is your ability to receive information from the Internet. The higher the speed, the more information you can receive per second, which means webpages load faster and content loading on apps are smoother. Network speed is measured by Megabits per second, written as MB/s.<br/><br/><b>What is upload speed?</b><br/>This is the ability to send information from your device to the Internet. Normally the default setting of upload speed is lower than download, as people tend to download and consume information more.<br/><br/><b>What is ping?</b><br/>Ping is a measure of network latency, a key factor in how fast your online experience feels. The lower the latency, the more responsive the network is when streaming video, playing games, sending messages, or browsing the internet.",
        "netperform_config_average_speed_description_text": "Your speed is good for",
        "netperform_wifi_usage_title": "Wi-Fi usage",
        "netperform_ping_result_sec": "%1$s sec ping",
        "netperform_config_upload_high_text": "With this speed you can quickly and easily upload content to social media and send emails",
        "netperform_start_test": "Start Test",
        "netperform_internet_connectivity_title": "Internet connectivity",
        "netperform_privacy_optimisation_description_improve_coverage_item": "Improve the network in locations where customers are most likely to use their phones by using Speed Checker data.",
        "netperform_seconds": "sec",
        "netperform_delete_all_lightbox_title": "Delete all speed tests",
        "netperform_privacy_personalization_description_recommend_item": "Recommend packages to suit your preferences and where you use your phone the most",
        "netperform_preprod_warning": "WARNING! The pre-production config file is in use.",
        "netperform_privacy_policy": "Privacy Policy",
        "netperform_network_opt_error_label": "In order to check your network speed, turn Network optimization ON in %1$s settings and help us to improve your experience",
        "netperform_delete_all_lightbox_message": "You will delete all your previous tests done over Network and Wi-Fi. \n \n Do you want to proceed?",
        "netperform_top_ten_empty_message": "No data has been collected yet, start using your device and we can show you which apps you use the most!",
        "netperform_download_speed_mega": "%1$s MBit/s download speed",
        "netperform_usage_access_dialog_title": "Take control of your data",
        "netperform_config_average_speed_usage_text": "Music streaming and browsing",
        "netperform_time_format": "hh:mm a",
        "netPerform_ok": "OK",
        "netPerform_less_than_one": "< 1",
        "netperform_config_download_low_text": "With this speed you can browse social media or your favourite websites",
        "netperform_loading": "Loading\u2026",
        "netperform_location_permission_lightbox_redbutton_title": "Turn on location",
        "vfg_netperform_privacy_options_bullet": "\u2022",
        "failedSimSwap": "Same number detected, no data will be removed",
        "netperform_clear_usage": "Clear usage",
        "netperform_reset_all_data_usage": "You will reset your Network usage both for Network and Wi-Fi",
        "netperform_off_capital": "Off",
        "netperform_outgoing_calls_duration": "Duration of outgoing calls in hours, mins, secs.",
        "netperform_unit_hours": "hr",
        "netperform_config_low_speed_description_text": "Your speed is good for",
        "netperform_network_coverage_sub_title": "Percentage of time spent in full",
        "netperform_check_network_message": "Check your network or Wi-Fi speed now",
        "netperform_do_you_want_to_proceed": "Do you want to proceed?",
        "successfulSimSwap": "Sim has been swapped successfully!",
        "netperform_network_usage_network_optimization_disclaimer": "In order to display your network usage, turn Tailored service and recommendations ON in %1$s app settings and help us to provide you with a personalised service",
        "netperform_privacy_no_thanks": "No thanks",
        "netperform_network_usage_disclaimer": "Here is a detailed view of all your data usage. This includes \n the small stuff like when you're connected to Wi-fi and when you're using this app which is free",
        "netperform_ping_ms": "%1$s ms ping",
        "netperform_personalization_location_permission_title": "Location",
        "netperform_config_ping_low_text": "This speed is not great for online gaming",
        "netPerform_tailored_Service_switch": "Tailored Service",
        "netperform_network_coverage_title": "Network coverage",
        "netperform_privacy_anonymized_with_tailored_info_message": "In order to provide Tailored service and recommendations, Network optimisation is switched ON as well.",
        "netperform_shared_text": "Check out my speed test result %1$s %2$s for download, %3$s %4$s for upload and %5$s %6$s ping! #Vodafone4G",
        "netperform_personalization_call_permission_title": "Quality and connectivity",
        "netperform_connection_status_change_description": "We are having a trouble with your connection, so we could not continue with this test.",
        "netperform_cancel_test": "Cancel test",
        "netperform_privacy_permissions_turnoff_overlay_message": "If you turn this option OFF, we won't be able to use your data to improve our service.",
        "netPerform_usage_mega_stmt": "%1$s MB",
        "netperform_config_low_speed_usage_text": "Browsing and emails",
        "netperform_privacy_policy_label": "See more about",
        "netperform_app_location_error_label": "In order to check your network speed allow %1$s to access your location in your device settings",
        "netperform_grant_permission_lightbox_graybutton_title": "No thanks",
        "netperform_more_about_title": "More on data & Wi-Fi speed",
        "netperform_speed_test_disclaimer": "*Speed tests are free on your %1$s network",
        "netperform_config_download_average_text": "With this speed you can stream Spotify Premium",
        "netperform_mobile_data_used_in_giga_bytes": "Mobile data used in gigabytes (GB)",
        "netperform_speed_test_canceled_alert_message": "Your speed test has been cancelled. Do you want to run a new test?",
        "netperform_roaming_alert_message": "Speed tests are free when you're on your %1$s network.\nAdditional charges may be applicable when you're roaming.\n\nDo you want to proceed?",
        "netperform_anonymized_call_permission_description": "We will enhance our products and services by monitoring data such as quality and use of your connectivity services.",
        "netperform_share_app_chooser_title": "Share",
        "netperform_alert_cancel_button": "Cancel",
        "netperform_total_call_time": "Total call time %1$s",
        "netperform_calls_made_past_x_days": "Calls made for the past %1$s days",
        "netPerform_float_percentage_mark": "%1$s%%",
        "netperform_ms": "ms",
        "netperform_config_ping_average_text": "This speed is suitable for playing your favourite online games",
        "netperform_megabits": "MBit/s",
        "netperform_enabling": "Enabling\u2026",
        "netperform_network_usage_title": "Network usage",
        "netperform_application_permission_lightbox_redbutton_title": "Turn on location",
        "netperform_optimisation_service_turnoff_overlay_body": "You will no longer be able to test your network speed, check the data consumption of the apps installed on your device or get any personalised assistance or recommendations.",
        "netperform_privacy_optimisation_description_manufacture_improve_item": "Work with device manufacturers to improve how their devices work on our network.",
        "netperform_change_location_phone_permission": "Change permissions in your device's app settings. Give %1$s app access to Location and Phone calls.",
        "netperform_turnoff": "Turn off",
        "netperform_wifi_data_used_in_giga_bytes": "Wifi data used in gigabytes (GB)",
        "netperform_network": "Network",
        "netperform_on": "on",
        "netperform_chart_empty_string": "No data available",
        "netperform_error_screen_network_usage_title": "Network usage",
        "netperform_location_light_box_message": "The network usage service needs the location services to be turned ON.",
        "netperform_privacy_personalization_service_turnoff_overlay_title": "Are you sure?",
        "netperform_delete_all_ok_button": "Yes I do",
        "netperform_config_upload_low_text": "With this speed it may take a while to send photos and videos",
        "netperform_config_app_name": "My Vodafone",
        "netperform_privacy_network_optimisation_expandable_header": "What happens when you keep this on?",
        "netperform_config_upload_average_text": "With this speed you can upload content to social media and send emails",
        "netperform_network_data_request_text": "In order to check your network usage we need some data on your location, the quality and use of your connectivity services and installed apps' data consumption.",
        "netperform_network_optimisation_lightbox_redbutton_title": "OK, please proceed",
        "netperform_config_download_high_text": "With this speed you can use your NOW TV Entertainment Pass or watch Sky Sports Mobile TV on your device without any buffering.",
        "netperform_privacy_network_personalized_description": "We can make personal recommendations and tailor our service based on your location, the quality and use of your connectivity services.",
        "netperform_usage_access_dialog_message": "%1$s can give you a breakdown of what apps you spend most of your data on so you get a full understanding of how you use your phone.",
        "netperform_privacy_optimisation_service_turnoff_overlay_title": "Are you sure?",
        "netperform_share_button": "Share",
        "netperform_pm": "pm",
        "netperform_download": "Download",
        "netperform_connection_error_alert_title": "Check your connection",
        "netperform_privacy_permissions_turnoff_overlay_body": "You will no longer be able to test your network speed, check the data consumption of the apps installed on your device or get any personalised assistance or recommendations.",
        "netperform_total_data_used": "Total data used %1$s(%2$s)",
        "netPerform_unit_min": "min",
        "netperform_config_upload_fail_text": "Sorry, we couldn't get a result",
        "netperform_ping": "Ping",
        "netperform_never_mind": "Never mind",
        "netperform_tested_on_formatted": "Tested on: %1$s on %2$s",
        "netperform_config_ping_high_text": "This speed is ideal for playing your favourite online games",
        "netPerform_mock_phone": "Phone",
        "netperform_application_permission_lightbox_message": "Change permissions in your device's app settings. Give %1$s access to Location.",
        "netperform_shared_text_ios": "Check out my speed test result",
        "netperform_preparing_test_title": "Preparing your \nspeed test on",
        "netperform_upload_speed": "Upload Speed",
        "netperform_start_test_button_title_location_off": "Device Settings",
        "netPerform_please_Enter_msisdn": "please enter the msisdn number",
        "netperform_data_used_past_x_days": "Data used for the past %1$s days",
        "netperform_at": "at",
        "netperform_config_home_network_name": "Vodafone UK",
        "netPerform_noValue": "--",
        "netperform_network_optimisation": "Network optimisation",
        "netperform_usage_access_cell_title": "App data usage: %1$s",
        "netperform_am": "am",
        "netperform_privacy_anonymized_service_off_warning": "You need this option switched ON to be able to check your network speed",
        "netperform_allow_permissions_from_settings": "In order to check your network speed allow %1$s to access your location and phone permissions in your device settings.",
        "netperform_privacy_personalization_description_improve_item": "Improve your experience by monitoring signal strength and voice call quality",
        "netperform_upload_speed_mega": "%1$s MBit/s upload speed",
        "netPerform_network_optimization_switch": "Network Optimization",
        "netperform_network_usage_no_permission_disclaimer": "In order to display your network usage Allow %1$s to access your location and phone permissions in your device settings.",
        "netperform_usage_access": "Usage access",
        "netperform_finalizing_ping_test": "Testing ping and\n finalizing your\n results",
        "netperform_speed_checker_network_optimization_request_text": "In order to check your network speed we need data on your location, the quality and use of your connectivity services and installed apps' data consumption.",
        "netPerform_unit_GB": "GB",
        "netperform_data": "Data",
        "swap_msisdn": "Change MSISDN",
        "netperform_privacy_go_to_setting": "Go to Settings",
        "netperform_privacy_personalization_description_tail_text": "Be reassured that we will never collect or use information relating to your calls, your browsing history, or any information that may be contained within any apps other than My Vodafone.",
        "netPerform_percentage_mark": "%1$d%%",
        "netperform_error_back_to_dashboard": "Back to dashboard",
        "netperform_grant_permission_lightbox_title": "Grant permission",
        "netperform_privacy_network_optimisation_description": "By collecting data including location and the performance of your phone we can improve the service we offer to everyone. This data is not linked back to you in any way.",
        "netPerform_alertMessage": "Please enter your MSISDN to turn on the Tailored Service",
        "netperform_restart_test": "Restart test",
        "netperform_wi_fi": "Wi-Fi",
        "netperform_reset_all_title": "Reset your network",
        "netperform_tailored_and_recommendations": "Tailored service and recommendations",
        "netperform_anonymized_call_permission_title": "Quality and connectivity",
        "netperform_more_about_speed_checker": "More on data & Wi-Fi speed",
        "netperform_error_text": "We're experiencing a few technical difficulties at the moment, which means %1$s is unavailable.\n\nWe are working to get it up and running as soon as possible",
        "netperform_please_try_again": "Please try again",
        "netperform_top_ten_subtitle": "Top 10 apps that used most data*",
        "netperform_start_test_button_title_networkopt_off": "App Settings",
        "netperform_date_format": "dd/MM/yyyy",
        "netperform_personalization_location_permission_description": "We will make personal recommendations by using data such as your location.",
        "netperform_privacy_personalization_description_anticipate_item": "Anticipate your needs by gathering data on the way you interact with your app.",
        "netperform_share_description": "with #Vodafone4G  and enter a draw to win a full year\u2019s subscription to either Sky Sports, Now TV, Netflix or Spotify Premium.",
        "netperform_tested_on": "Tested on",
        "netperform_roaming_alert_title": "Not on your home network?",
        "netperform_device_location_error_label": "In order to check your network speed, turn ON location services in your device settings",
        "netperform_privacy_personalized_service_off_warning": "You need this option switched ON to receive personalised recommendations",
        "netperform_start_new_test": "Start new test",
        "netperform_config_high_speed_description_text": "Your speed is great for",
        "netperform_network_optimisation_lightbox_sub_message": "Turn Network optimization ON so that we can collect this data.",
        "netperform_privacy_title": "App Privacy",
        "netperform_share_label": "Share your results",
        "netPerform_unit_MB": "MB",
        "netperform_previous_tests": "Previous speed tests",
        "netperform_personalization_service_turnoff_overlay_message": "If you turn this option OFF, you will not only miss out on personalised assistance and recommendations but also be unable to check the data consumption of the apps installed on your device.",
        "netperform_usage_access_cell_description": "By collecting data on your app usage %1$s can help you track where you use your data allowance and tailor recommendations for you.",
        "netperform_learn_more": "Learn more",
        "netperform_try_again": "Try again",
        "netperform_empty_speed_tests": "You haven't run this type of speed test yet",
        "netPerform_dash": "-",
        "netperform_speed_checker": "Speed Checker",
        "netperform_privacy_permissions_turnoff_overlay_title": "Are you sure?",
        "netperform_top_ten_disclaimer": "*Data used for network results are free and will not be charged to your bill",
        "netPerform_mock_username": "Username",
        "netperform_download_speed": "Download Speed",
        "netperform_speed_checker_title": "Here's what you can do with this speed",
        "netperform_usage_access_cell_sub_description": "This setting can be changed at any time by visiting your phone settings.",
        "netperform_data_usage_per_app": "Data usage per app",
        "netperform_config_high_speed_usage_text": "HD Video and music streaming",
        "netperform_privacy_personalization_description_discover_item": "Discover what may hamper the performance of your app and phone and work to resolve it.",
        "netperform_couldnt_continue_test": "Couldn't continue test",
        "netPerform_check_networkOptimization_switch": "please check Network optimization switch first",
        "netperform_on_capital": "On",
        "netperform_permissions_request_text": "Change permissions in your device's app settings.Give %1$s app access to Phone and Location.",
        "netperform_personalization_call_permission_description": "We will give you tailored assistance and recommendations based on data such as quality and use of your connectivity services and app data consumption.",
        "netperform_anonymized_location_permission_description": "We will improve your experience by using data such as your location.",
        "netperform_speed_test_cancelled_alert_title": "Speed test cancelled",
        "netperform_wifi_data_used_in_mega_bytes": "Wifi data used in megabytes (MB)",
        "netperform_internet_connectivity_sub_title": "Percentage of successful connectivity tests for internet or data service",
        "netPerform_tailoredServiceStarted": "the Tailored Service started",
        "netperform_optimisation_service_turnoff_overlay_message": "If you turn this option OFF, we won't be able to use your data to improve our service.",
        "netperform_delete": "Delete",
        "netperform_change_in_android_settings": "Change in Android settings",
        "netperform_usage_access_dialog_sub_message": "To take advantage of this, please enable the %1$s setting in your Android settings.",
        "netperform_change_via_android_settings": "Change via Android settings",
        "netperform_connection_error_alert_message": "Please check your signal and try again when you've got a connection.",
        "netPerform_three_dots": "\u2026",
        "netperform_enable": "Enable",
        "netperform_mobile_data_used_in_mega_bytes": "Mobile data used in megabytes (MB)",
        "netperform_config_download_fail_text": "Sorry, we couldn't get a result",
        "netperform_delete_previous_tests": "Delete previous speed tests",
        "netperform_privacy_expanded_description": "By having this option switched ON, you can help us to:",
        "netperform_keep_on": "Keep on",
        "netperform_network_usage_no_location_disclaimer": "In order to display your network usage turn ON location services in your device settings",
        "netperform_location_permission_lightbox_message": "Location services are disabled on this device.",
        "netperform_upload": "Upload",
        "netperform_privacy_optimisation_description_improve_network_item": "Improve our network by pinpointing areas where devices have not worked as well as they should.",
        "netPerform_tailoredServiceStoped": "the Tailored Service stopped",
        "netperform_anonymized_location_permission_title": "Location",
        "netperform_privacy_policy_value": "Privacy Policy",
        "netperform_speed_test_result": "Speed test results",
        "netperform_service_permission_request_overlay_introduction_message": "To be able to provide you with relevant recommendations, we need you to allow %s app to access the information below.",
        "netperform_network_optimisation_lightbox_message": "In Order to check your network speed we need data on your location and the quality and use of your connectivity services",
        "netperform_privacy_optimisation_description_offers_item": "Offer data packages that reflect the way our customers use mobile data vs Wi-Fi."
    }
}