{
    "content": {
        "non_vf_customers_dashboard_section5": "{\"items\":[{\"iconId\":10108,\"title\":\"Online assistance\",\"subtitle\":\"Our virtual chat assistant is available to help you 24/7\",\"journey\":\"ONLINE_ASSISTANCE\"},{\"iconId\":10109,\"title\":\"Free home delivery\",\"subtitle\":\"Paid for same day delivery options\",\"journey\":\"HOME_DELIVERY\"},{\"iconId\":10110,\"title\":\"14 day returns\",\"subtitle\":\"Hassle-free returns with no cancellation fee\",\"journey\":\"ORDERS_RETURNS\"},{\"iconId\":10111,\"title\":\"UK's best mobile network\",\"subtitle\":\"Find out how we're keeping the UK connected\",\"journey\":\"UK_MOBILE_NETWORK\"}]}",
        "non_vf_customers_dashboard_section4": "{\"title\":\"VeryMeRewards\",\"description\":\"From savings on cinema tickets to your morning coffee on us - there's bound to be something you love with VeryMe Rewards on the My Vodafone app.\",\"journey\":\"NON_VF_VERYME_REWARDS\",\"backgroundImage\":10107}",
        "non_vf_customers_dashboard_section3": "{\"title\":\"Discover\",\"items\":[{\"bannerTitle\": \"Keep Connecting\",\"body\":\"<b>Maintaining the reliability and capacity of our network is our number one priority</b>\",\"image\":10105,\"buttons\":[{\"text\":\"Find out more\",\"journeyKey\":\"UK_MOBILE_NETWORK\"}]},{\"bannerTitle\": \"5G\",\"body\":\"<b>The newest, fastest generation of mobile networking.</b>\",\"image\":10106,\"buttons\":[{\"text\":\"Find out more\",\"journeyKey\":\"UK_MOBILE_NETWORK_5G\"}]}]}",
        "non_vf_customers_dashboard_section2": "{\"items\":[{\"iconId\":1056,\"text\":\"Pay monthly phones\",\"journeyKey\":\"PAYM_DEALS\"}, {\"iconId\":1059,\"text\":\"SIM only deals\",\"journeyKey\":\"SIM_ONLY_DEALS\"},{\"iconId\":1053,\"text\":\"Broadband\",\"journeyKey\":\"BROADBAND_DEALS\"}]}",
        "non_vf_customers_dashboard_section1": "{\"backgroundImage\":10103, \"title\":\"Vodafone Together\", \"subtitle\":\"Unlimited home broadband and unlimited mobile data in one great deal.\", \"journey\": \"NON_VF_VODAFONE_TOGETHER\"}"
    }
}