{
    "content": {
        "setting_terms_copyright": "\u00a9 Copyright 2016 Vodafone",
        "setting_terms_content": "This app is provided by Vodafone Limited, Vodafone House, The Connection, Newbury, Berkshire, RG14 2FN, a company registered in England (number 1471587) with registered VAT number 569 9532 77.<br /><br /> <b>1. License</b><br>We grant you a non-exclusive, non-transferable license to use the app on one device that you own or control for personal non-commercial use only. There is no charge to you to either download or use this app.<br /><br /><b>2. Your responsibilities</b><br>You'll need to check that the app is compatible with your device prior to downloading.<br /><br /><b>3. Exclusion of warranties and limitation of liability</b><br>To the fullest extent permitted by applicable law, the app is provided to you 'as is', without support or maintenance. Neither we nor our licensors warrant that the app will meet your requirements or that the operation of the app will be uninterrupted or error free. To the extent permitted by law we and our licensors disclaim and exclude all warranties, representations, conditions and other terms of any kind, express or implied and whether arising by statute, common law or otherwise. In any event, our maximum liability and sole remedy to you is a refund of the price of the app (if any) at the time of your purchase. This clause does not affect your legal rights as a consumer.<br /><br /><b>4. Your information</b><br>In order for you to get the most out of My Vodafone we use information from your device and how you use the app. Data such as your location, the quality and use of your connectivity services as well as installed apps' data consumption help us to improve our service and tailor recommendations to you. Vodafone offers you choices and control over what information you are willing to share from your device. For more information, refer to settings and click on 'Privacy Policy'.<br /><br /><b>5. Data usage</b><br>Access to the My account part of this app is not chargeable, however, if you use the Wi-Fi Finder section it will access Google Maps which will fall into the same category of data usage as accessing Facebook or Twitter and you will be charged for data usage.",
        "privacy_policy_content": {
            "rawJson": [
                {
                    "title": "What information we collect",
                    "rows": [
                        {
                            "title": "Information we collect",
                            "content": "To provide you with features of My Vodafone, to send you personalised recommendations as well as to help improve our products and services My Vodafone will share certain information from your device with us. This privacy supplement explains the information that is collected by My Vodafone and how it will be used. For further information on our Privacy Policy, please see <a href=\"myvodafone://VODAFONE_PRIVACY\">our main privacy policy page</a><br/><br/><b>Information about your interactions with us:</b><br/><br/>When you use the basic features of My Vodafone, for example check your billing details, view your data plans, view information about how much data a particular app is consuming, or interact with our customer care, information about such interactions is recorded on our servers.<br/><br/><b>Information about the quality and use of your connectivity services and apps:</b><br/><br/>Unless you have disabled the collection through the app settings, My Vodafone will regularly send us information about the coverage, connectivity and data usage relating to your connectivity services, information about the applications on your device, your location as well as information about your device, as explained in more detail below.<br/><br/><b>Coverage, connectivity and data usage</b><br/><br/>Information about network connectivity and quality for phone calls, internet and data services as experienced by you, as well as statistics about how much your device uses internet services and consumes data, such as:<br/><br/> \u2022 the percentage of time your phone is on the network<br/> \u2022 signal strength<br/> \u2022 areas of limited or no service<br/> \u2022 quality of the mobile overage (2G, 3G, 4G)<br/> \u2022 call duration<br/> \u2022 how the call ends<br/> \u2022 regular tests of whether your device can connect to the internet<br/> \u2022 your upload and download speed<br/> \u2022 how long it takes to set up a connection to the internet<br/> \u2022 Wi-Fi connection quality and MAC addresses of the Wi-Fi hot spots your device can see, and how congested they are<br/> \u2022 hourly data use<br/> \u2022 how much data your phone uses when it's in standby mode<br/> \u2022 how much data goes over Wi-Fi connections vs. the mobile network<br/><br/><b>Applications</b><br/><br/>Statistics about applications on your devices, such as:<br/><br/> \u2022 which apps are installed on your device<br/> \u2022 which apps are started each day and for how long each app is used<br/> \u2022 how much data is consumed by each app, how fast each app receives and transmits data and the type and quality of network used for the connection (for example cellular or Wi-Fi and related signal strength)<br/><br/><b>Device information</b><br/><br/>Technical information about your device, such as:<br/><br/> \u2022 phone brand and model<br/> \u2022 operating system<br/> \u2022 firmware version<br/> \u2022 hardware capabilities<br/> \u2022 language and locale<br/> \u2022 battery state<br/> \u2022 memory consumption<br/> \u2022 time since last reboot<br/> \u2022 advertising ID<br/><br/><b>Location information</b><br/><br/>Unless you have disabled the collection through the app settings, we collect your location data when we measure the items above. For example, we know your rough location from the phone mast and Wi-Fi hot spot your phone is using. When your phone or one of your apps is using GPS location data, we use that to assess location more precisely and sometimes your speed and direction of travel if available with GPS information.<br/><br/>Unless you have chosen otherwise, this information is collected with a personal identifier."
                        },
                        {
                            "title": "Usage of My Vodafone app",
                            "content": "Information about the performance and use of the My Vodafone app, for example when and how many times the app has been used, your choices and journeys within the app, app version, last update, application ID and device make and model."
                        }
                    ]
                },
                {
                    "title": "Information we don't collect",
                    "rows": [
                        {
                            "title": "What information we don't collect",
                            "content": "We understand that some of the information we collect may be seen as sensitive. Therefore we have designed the app to reduce the sensitivity of the collected information. For example, we don\u2019t collect information about:<br/><br/> \u2022 numbers you dial or that dial you;<br/> \u2022 sender or receiver information of text messages, emails or Internet chat messaging on your device;<br/> \u2022 any content of your communications, such as SMS, email or chat content or your browsing history;<br/> \u2022 information about which features of the apps you use or what content you send, receive or otherwise consume through an app"
                        }
                    ]
                },
                {
                    "title": "How we use the information collected",
                    "rows": [
                        {
                            "title": "How we use this information",
                            "content": "In addition to using the data to the extent necessary to deliver you with the services that you have requested, for example to show you how much data an app consumes, we use the data to help us improve our networks and services as well as to make personalised recommendations to you.<br/><br/><b>Helping us improve our networks and services</b><br/><br/>We analyse the collected information to diagnose connectivity, coverage or connection quality problems, understand connectivity needs from the usage of mobile data, Wi-Fi and apps, and use such insights to make improvements to our network and services.  This may include, for example<br/><br/> \u2022 Improving the quality of network through e.g. better understanding about the exact areas with low network performance or areas of high consumption of data which helps us prioritise new site implementation and otherwise improve the network performance;<br/> \u2022 Helping us deal with performance issues caused by poorly performing devices;<br/> \u2022 Improving our commercial models and offers based on improved understanding the patterns related to the use of apps and connection quality;<br/> \u2022 Improving the performance and design of My Vodafone by understanding which features of the app are popular and how those features perform on different types of devices<br/><br/><b>Providing you with personalised assistance and recommendations</b><br/><br/>We may use the collected information to help us provide more personalised marketing communications to you. We may, for example<br/><br/> \u2022 Recommend a new or a different bundle for you based on the way you use your connectivity services;<br/> \u2022 Help you manage your data plans by showing you which apps consume more data;<br/> \u2022 Recommend upgrades to your device or promote accessories.<br/><br/>We may combine the collected information with other information we may hold about you.<br/><br/>Vodafone may collect a unique mobile device advertising ID, such as Apple's Identifier for Advertising ID (\"IDFA\") or Google Advertising ID (\"GAID\"), for interest based Ads. To opt out of Vodafone and other parties using this advertising ID to serve personalised interest based advertisements, please see the 'What choices do you have' section below.<br/><br/>If you have chosen to provide us with information without being personally identified, all personal identifiers are removed in the app before sending such information to Vodafone and we process the collected information anonymously. We do not intend to use the information to identify you or any other person personally and we have in place appropriate technical and organisational measures to prevent such from happening."
                        }
                    ]
                },
                {
                    "title": "Data protection and control",
                    "rows": [
                        {
                            "title": "What choices do you have?",
                            "content": "Vodafone offers you choices and control over what information you are willing to share from your device. You may choose to:<br/><br/> \u2022 Disable the sending of personal information about the quality and use of your connectivity services, location and apps;<br/> \u2022 Disable the sending of any information about the quality and use of your connectivity services, location and apps;<br/> \u2022 Disable the sending of information about your use of My Vodafone;<br/> \u2022 Disable push-notifications. NOTE: if you disable push-notifications, we may still send you marketing SMS or email, or conduct telemarketing if we have your permission to do so. You can get in touch with customer services through the <a href=\"myvodafone://VODAFONE_CONTACT_US\">contact us</a> page on our site to opt out of all marketing communications or to opt out of marketing in one of several ways (such as email, text, phone or post);<br/> \u2022 To disable Vodafone and other parties from using the advertising ID associated to your device, to serve you with personalised adverts online, you can do this via your device settings. Click <a href=\"myvodafone://ANDROID_AD_PERSONALISATION\">here</a> for more information.<br/><br/>Remember that turning off these preferences will impact the level of personalisation we will be able to offer you."
                        },
                        {
                            "title": "How do you protect my data?",
                            "content": "Vodafone takes technical and organisational security measures as required by law and by industry standards to protect your personal data from unauthorised access, use or disclosure.  We take steps to ensure that we only use your personal information as described in this privacy notice and to honour the choices that you have made.  We only partner with service providers who contract to provide the same level of information security that you can expect from Vodafone."
                        },
                        {
                            "title": "For how long do you keep my data?",
                            "content": "Detailed information about the quality and use of your connectivity services, location and apps is kept no longer than 14 months after it has been collected.<br/><br/>Vodafone may retain aggregated and statistical reports that have been generated using the listed information for a longer period, but as these reports do not identify you as a user, they will not be used in a way that impacts your privacy.<br/><br/>For information about other data retention with Vodafone, please refer to <a href=\"myvodafone://VODAFONE_PRIVACY\">general privacy policy</a><br/><br/>The service is offered by Vodafone Limited, which is also the controller of your personal data.  If you have any queries in any aspect of this privacy supplement, please contact <a href=\"myvodafone://CUSTOMER_DATA_QUERY_EMAIL\">customerdataquery@vodafone.com</a>"
                        }
                    ]
                },
                {
                    "title": "More about privacy policy",
                    "rows": [
                        {
                            "title": "Vodafone privacy policy",
                            "journey": "VODAFONE_PRIVACY"
                        }
                    ]
                }
            ]
        },
        "setting_terms_title": "Terms and conditions",
        "privacy_policy_title": "App Privacy Supplement"
    }
}