{
    "notifications": [
        {
            "id": 11,
            "title": "Good morning %address_book_name%",
            "message": "Welcome to <b>My Vodafone</b>",
            "priority": 100,
            "dismissDuration": 14,
            "dismissDurationUnit": "MONTHS",
            "renderType": "Salutations",
            "triggerType": "TIME",
            "triggerText": "00:00"
        },
        {
            "id": 12,
            "title": "Good afternoon %address_book_name%",
            "message": "Welcome to <b>My Vodafone</b>",
            "priority": 100,
            "dismissDuration": 14,
            "dismissDurationUnit": "MONTHS",
            "renderType": "Salutations",
            "triggerType": "TIME",
            "triggerText": "12:00"
        },
        {
            "id": 13,
            "title": "Good evening %address_book_name%",
            "message": "Welcome to <b>My Vodafone</b>",
            "priority": 97,
            "dismissDuration": 14,
            "dismissDurationUnit": "MONTHS",
            "renderType": "Salutations",
            "triggerType": "TIME",
            "triggerText": "19:00"
        }
    ]
}