{
  "status": {
    "code": 0,
    "analytics": {
      "status": "SUCCESS",
      "guid": "f48e9f92-cd75-47e4-83ba-9562c0ca9fae"
    }
  },
  "settingItems": [
    {
      "title": "App Settings",
      "journeyKey": "NONE",
      "isParent": true,
      "subItems": [
        {
          "title": "Reset the app",
          "journeyKey": "SETTINGS_RESET_APP",
          "isParent": false
        },
        {
          "title": "App Login options",
          "journeyKey": "LOGIN_OPTIONS",
          "isParent": false
        },
        {
          "title": "Device permissions",
          "journeyKey": "DEVICE_PERMISSIONS",
          "isParent": false
        },
        {
          "title": "App privacy",
          "journeyKey": "SPEED_CHECKER_SETTINGS",
          "isParent": false
        }
      ]
    },
    {
      "title": "Useful Information",
      "journeyKey": "NONE",
      "isParent": true,
      "subItems": [
        {
          "title": "Terms and Conditions",
          "journeyKey": "TERMS_AND_CONDITIONS_SETTINGS",
          "isParent": false
        },
        {
          "title": "Privacy Supplement",
          "journeyKey": "PRIVACY_SUPPLEMENT",
          "isParent": false
        }
      ]
    }
  ]
}