{"strings":{"english":{"no_connectivity_screen_body":"Use Wi-Fi or Mobile data* to troubleshoot your connection","no_connectivity_screen_title":"No connection","no_connectivity_airplane_body":"Turn off airplane mode to use mobile data* or connect to Wi-Fi","no_connectivity_airplane_title":"No connection","no_connectivity_screen_comment":"*Data rates may apply","no_connectivity_airplane_comment":"*Data rates may apply","no_connectivity_prompt_caption_back":"Back","no_connectivity_prompt_caption_done":"Continue","no_connectivity_prompt_caption_retry":"Retry","no_connectivity_prompt_caption_settings":"Settings","no_connectivity_prompt_title_insert_sim":"SIM card required for mobile data","no_connectivity_prompt_title_link_retry":"Call CARE","no_connectivity_prompt_title_turn_data_on":"No connection","no_connectivity_screen_link_button_caption":"Customer CARE","no_connectivity_screen_wifi_button_caption":"Use Wi-Fi","no_connectivity_screen_mobile_button_caption":"Use mobile data","no_connectivity_prompt_description_insert_sim":"Insert a valid AT&T SIM card or use Wi-Fi to connect without a SIM. *Data rates may apply","no_connectivity_prompt_description_link_retry":"Hmm... we've tried everything, but we can't find a data connection. Try moving closer to a Wi-Fi router, and then select Retry. If that doesn't work, user another device to access the Device Help app or visit from any internet-enabled device.","no_connectivity_prompt_description_turn_data_on":"Turn on mobila data to continue. *Data rates may apply","no_connectivity_airplane_settings_button_caption":"Settings"}},"apnSettings":[],"shouldRunFlow":true,"requiredPermissions":[],"connectivityCategoryIcons":{},"__checksum":"a5a166bac27df3c9161a9fe94e93f3c5584a7219"}