{"v":"5.2.0","fr":30,"ip":0,"op":239,"w":75,"h":75,"nm":"VF keyline loop Grey Small (75)","ddd":0,"assets":[],"layers":[{"ddd":0,"ind":1,"ty":4,"nm":"vf_icon Outlines 7","sr":1,"ks":{"o":{"a":0,"k":100,"ix":11},"r":{"a":0,"k":0,"ix":10},"p":{"a":0,"k":[37.707,37.697,0],"ix":2},"a":{"a":0,"k":[539.457,512.197,0],"ix":1},"s":{"a":0,"k":[100,100,100],"ix":6}},"ao":0,"shapes":[{"ind":0,"ty":"sh","ix":1,"ks":{"a":0,"k":{"i":[[13.562,-0.045],[0.05,15.054],[-6.866,5.685],[-8.321,0.027],[-0.686,-0.232],[-0.027,-7.681],[-0.025,-0.126],[-0.034,-10.164]],"o":[[-10.985,0.036],[-0.033,-9.956],[6.697,-5.545],[1.071,-0.004],[-7.275,1.509],[0.001,0.254],[12.174,2.965],[0.034,10.164]],"v":[[539.914,541.61],[517.451,517.216],[529.654,491.992],[553.846,482.86],[556.723,483.178],[543.683,499.139],[543.732,499.79],[561.466,520.265]],"c":true},"ix":2},"nm":"Path 1","mn":"ADBE Vector Shape - Group","hd":false},{"ty":"tm","s":{"a":1,"k":[{"i":{"x":[0.5],"y":[1]},"o":{"x":[0.4],"y":[0]},"n":["0p5_1_0p4_0"],"t":0,"s":[99.5],"e":[0]},{"i":{"x":[0.833],"y":[1]},"o":{"x":[0.167],"y":[0]},"n":["0p833_1_0p167_0"],"t":37,"s":[0],"e":[0]},{"t":59}],"ix":1},"e":{"a":1,"k":[{"i":{"x":[0.833],"y":[1]},"o":{"x":[0.167],"y":[0]},"n":["0p833_1_0p167_0"],"t":0,"s":[100],"e":[100]},{"i":{"x":[0.5],"y":[1]},"o":{"x":[0.4],"y":[0]},"n":["0p5_1_0p4_0"],"t":25,"s":[100],"e":[0.5]},{"t":59}],"ix":2},"o":{"a":1,"k":[{"i":{"x":[0.833],"y":[0.833]},"o":{"x":[0.167],"y":[0.167]},"n":["0p833_0p833_0p167_0p167"],"t":0,"s":[0],"e":[-88.5]},{"t":59}],"ix":3},"m":1,"ix":2,"nm":"Trim Paths 1","mn":"ADBE Vector Filter - Trim","hd":false},{"ty":"st","c":{"a":0,"k":[0.600000023842,0.600000023842,0.600000023842,1],"ix":3},"o":{"a":0,"k":100,"ix":4},"w":{"a":0,"k":2,"ix":5},"lc":2,"lj":2,"nm":"Stroke 1","mn":"ADBE Vector Graphic - Stroke","hd":false}],"ip":0,"op":60,"st":0,"bm":0},{"ddd":0,"ind":2,"ty":4,"nm":"vf_icon Outlines 2","sr":1,"ks":{"o":{"a":0,"k":100,"ix":11},"r":{"a":0,"k":0,"ix":10},"p":{"a":0,"k":[37.707,37.697,0],"ix":2},"a":{"a":0,"k":[539.457,512.197,0],"ix":1},"s":{"a":0,"k":[100,100,100],"ix":6}},"ao":0,"shapes":[{"ind":0,"ty":"sh","ix":1,"ks":{"a":0,"k":{"i":[[13.562,-0.045],[0.05,15.054],[-6.866,5.685],[-8.321,0.027],[-0.686,-0.232],[-0.027,-7.681],[-0.025,-0.126],[-0.034,-10.164]],"o":[[-10.985,0.036],[-0.033,-9.956],[6.697,-5.545],[1.071,-0.004],[-7.275,1.509],[0.001,0.254],[12.174,2.965],[0.034,10.164]],"v":[[539.914,541.61],[517.451,517.216],[529.654,491.992],[553.846,482.86],[556.723,483.178],[543.683,499.139],[543.732,499.79],[561.466,520.265]],"c":true},"ix":2},"nm":"Path 1","mn":"ADBE Vector Shape - Group","hd":false},{"ty":"tm","s":{"a":1,"k":[{"i":{"x":[0.5],"y":[1]},"o":{"x":[0.4],"y":[0]},"n":["0p5_1_0p4_0"],"t":60,"s":[99.5],"e":[0]},{"i":{"x":[0.833],"y":[1]},"o":{"x":[0.167],"y":[0]},"n":["0p833_1_0p167_0"],"t":97,"s":[0],"e":[0]},{"t":119}],"ix":1},"e":{"a":1,"k":[{"i":{"x":[0.833],"y":[1]},"o":{"x":[0.167],"y":[0]},"n":["0p833_1_0p167_0"],"t":60,"s":[100],"e":[100]},{"i":{"x":[0.5],"y":[1]},"o":{"x":[0.4],"y":[0]},"n":["0p5_1_0p4_0"],"t":85,"s":[100],"e":[0.5]},{"t":119}],"ix":2},"o":{"a":1,"k":[{"i":{"x":[0.833],"y":[0.833]},"o":{"x":[0.167],"y":[0.167]},"n":["0p833_0p833_0p167_0p167"],"t":60,"s":[-90],"e":[-178.5]},{"t":119}],"ix":3},"m":1,"ix":2,"nm":"Trim Paths 1","mn":"ADBE Vector Filter - Trim","hd":false},{"ty":"st","c":{"a":0,"k":[0.600000023842,0.600000023842,0.600000023842,1],"ix":3},"o":{"a":0,"k":100,"ix":4},"w":{"a":0,"k":2,"ix":5},"lc":2,"lj":2,"nm":"Stroke 1","mn":"ADBE Vector Graphic - Stroke","hd":false}],"ip":60,"op":120,"st":60,"bm":0},{"ddd":0,"ind":3,"ty":4,"nm":"vf_icon Outlines 3","sr":1,"ks":{"o":{"a":0,"k":100,"ix":11},"r":{"a":0,"k":0,"ix":10},"p":{"a":0,"k":[37.707,37.685,0],"ix":2},"a":{"a":0,"k":[539.457,512.185,0],"ix":1},"s":{"a":0,"k":[100,100,100],"ix":6}},"ao":0,"shapes":[{"ind":0,"ty":"sh","ix":1,"ks":{"a":0,"k":{"i":[[13.562,-0.045],[0.05,15.054],[-6.866,5.685],[-8.321,0.027],[-0.686,-0.232],[-0.027,-7.681],[-0.025,-0.126],[-0.034,-10.164]],"o":[[-10.985,0.036],[-0.033,-9.956],[6.697,-5.545],[1.071,-0.004],[-7.275,1.509],[0.001,0.254],[12.174,2.965],[0.034,10.164]],"v":[[539.914,541.61],[517.451,517.216],[529.654,491.992],[553.846,482.86],[556.723,483.178],[543.683,499.139],[543.732,499.79],[561.466,520.265]],"c":true},"ix":2},"nm":"Path 1","mn":"ADBE Vector Shape - Group","hd":false},{"ty":"tm","s":{"a":1,"k":[{"i":{"x":[0.5],"y":[1]},"o":{"x":[0.4],"y":[0]},"n":["0p5_1_0p4_0"],"t":120,"s":[99.5],"e":[0]},{"i":{"x":[0.833],"y":[1]},"o":{"x":[0.167],"y":[0]},"n":["0p833_1_0p167_0"],"t":157,"s":[0],"e":[0]},{"t":179}],"ix":1},"e":{"a":1,"k":[{"i":{"x":[0.833],"y":[1]},"o":{"x":[0.167],"y":[0]},"n":["0p833_1_0p167_0"],"t":120,"s":[100],"e":[100]},{"i":{"x":[0.5],"y":[1]},"o":{"x":[0.4],"y":[0]},"n":["0p5_1_0p4_0"],"t":145,"s":[100],"e":[0.5]},{"t":179}],"ix":2},"o":{"a":1,"k":[{"i":{"x":[0.833],"y":[0.833]},"o":{"x":[0.167],"y":[0.167]},"n":["0p833_0p833_0p167_0p167"],"t":120,"s":[-180],"e":[-268.5]},{"t":179}],"ix":3},"m":1,"ix":2,"nm":"Trim Paths 1","mn":"ADBE Vector Filter - Trim","hd":false},{"ty":"st","c":{"a":0,"k":[0.600000023842,0.600000023842,0.600000023842,1],"ix":3},"o":{"a":0,"k":100,"ix":4},"w":{"a":0,"k":2,"ix":5},"lc":2,"lj":2,"nm":"Stroke 1","mn":"ADBE Vector Graphic - Stroke","hd":false}],"ip":120,"op":180,"st":60,"bm":0},{"ddd":0,"ind":4,"ty":4,"nm":"vf_icon Outlines 4","sr":1,"ks":{"o":{"a":0,"k":100,"ix":11},"r":{"a":0,"k":0,"ix":10},"p":{"a":0,"k":[37.707,37.671,0],"ix":2},"a":{"a":0,"k":[539.457,512.171,0],"ix":1},"s":{"a":0,"k":[100,100,100],"ix":6}},"ao":0,"shapes":[{"ind":0,"ty":"sh","ix":1,"ks":{"a":0,"k":{"i":[[13.562,-0.045],[0.05,15.054],[-6.866,5.685],[-8.321,0.027],[-0.686,-0.232],[-0.027,-7.681],[-0.025,-0.126],[-0.034,-10.164]],"o":[[-10.985,0.036],[-0.033,-9.956],[6.697,-5.545],[1.071,-0.004],[-7.275,1.509],[0.001,0.254],[12.174,2.965],[0.034,10.164]],"v":[[539.914,541.61],[517.451,517.216],[529.654,491.992],[553.846,482.86],[556.723,483.178],[543.683,499.139],[543.732,499.79],[561.466,520.265]],"c":true},"ix":2},"nm":"Path 1","mn":"ADBE Vector Shape - Group","hd":false},{"ty":"tm","s":{"a":1,"k":[{"i":{"x":[0.5],"y":[1]},"o":{"x":[0.4],"y":[0]},"n":["0p5_1_0p4_0"],"t":180,"s":[99.5],"e":[0]},{"i":{"x":[0.833],"y":[1]},"o":{"x":[0.167],"y":[0]},"n":["0p833_1_0p167_0"],"t":217,"s":[0],"e":[0]},{"t":239}],"ix":1},"e":{"a":1,"k":[{"i":{"x":[0.833],"y":[1]},"o":{"x":[0.167],"y":[0]},"n":["0p833_1_0p167_0"],"t":180,"s":[100],"e":[100]},{"i":{"x":[0.5],"y":[1]},"o":{"x":[0.4],"y":[0]},"n":["0p5_1_0p4_0"],"t":205,"s":[100],"e":[0.5]},{"t":239}],"ix":2},"o":{"a":1,"k":[{"i":{"x":[0.833],"y":[0.833]},"o":{"x":[0.167],"y":[0.167]},"n":["0p833_0p833_0p167_0p167"],"t":180,"s":[-270],"e":[-358.5]},{"t":239}],"ix":3},"m":1,"ix":2,"nm":"Trim Paths 1","mn":"ADBE Vector Filter - Trim","hd":false},{"ty":"st","c":{"a":0,"k":[0.600000023842,0.600000023842,0.600000023842,1],"ix":3},"o":{"a":0,"k":100,"ix":4},"w":{"a":0,"k":2,"ix":5},"lc":2,"lj":2,"nm":"Stroke 1","mn":"ADBE Vector Graphic - Stroke","hd":false}],"ip":180,"op":239,"st":60,"bm":0}],"markers":[]}