{"v":"4.10.2","fr":30,"ip":0,"op":35,"w":100,"h":100,"nm":"White VF keyline loop @1x (offset paths)(easing)(100)(P1)","ddd":0,"assets":[],"layers":[{"ddd":0,"ind":1,"ty":4,"nm":"vf_icon Outlines 7","sr":1,"ks":{"o":{"a":0,"k":100,"ix":11},"r":{"a":0,"k":0,"ix":10},"p":{"a":0,"k":[49.458,49.19,0],"ix":2},"a":{"a":0,"k":[539.458,512.19,0],"ix":1},"s":{"a":0,"k":[30,30,100],"ix":6}},"ao":0,"shapes":[{"ind":0,"ty":"sh","ix":1,"ks":{"a":0,"k":{"i":[[50.231,-0.167],[0.185,55.761],[-25.431,21.058],[-30.819,0.102],[-2.54,-0.859],[-0.099,-28.452],[-0.092,-0.468],[-0.125,-37.646]],"o":[[-40.688,0.135],[-0.123,-36.875],[24.804,-20.54],[3.967,-0.013],[-26.947,5.589],[0.003,0.94],[45.092,10.983],[0.125,37.646]],"v":[[541.146,620.992],[457.942,530.64],[503.144,437.211],[592.749,403.388],[603.405,404.565],[555.106,463.683],[555.286,466.096],[620.973,541.932]],"c":true},"ix":2},"nm":"Path 1","mn":"ADBE Vector Shape - Group","hd":false},{"ty":"st","c":{"a":0,"k":[1,1,1,1],"ix":3},"o":{"a":0,"k":100,"ix":4},"w":{"a":0,"k":12,"ix":5},"lc":2,"lj":2,"nm":"Stroke 1","mn":"ADBE Vector Graphic - Stroke","hd":false},{"ty":"tm","s":{"a":1,"k":[{"i":{"x":[0.833],"y":[0.833]},"o":{"x":[0.167],"y":[0.167]},"n":["0p833_0p833_0p167_0p167"],"t":0,"s":[0],"e":[0]},{"t":34}],"ix":1},"e":{"a":1,"k":[{"i":{"x":[0.833],"y":[1]},"o":{"x":[0.167],"y":[0]},"n":["0p833_1_0p167_0"],"t":-25,"s":[100],"e":[100]},{"i":{"x":[0.5],"y":[1]},"o":{"x":[0.4],"y":[0]},"n":["0p5_1_0p4_0"],"t":0,"s":[100],"e":[0.5]},{"t":34}],"ix":2},"o":{"a":1,"k":[{"i":{"x":[0.833],"y":[0.833]},"o":{"x":[0.167],"y":[0.167]},"n":["0p833_0p833_0p167_0p167"],"t":0,"s":[188.5],"e":[101.5]},{"t":59}],"ix":3},"m":1,"ix":4,"nm":"Trim Paths 1","mn":"ADBE Vector Filter - Trim","hd":false}],"ip":0,"op":35,"st":-25,"bm":0}]}